Rank,Player,Team,Position,MIN,FGM,FGA,FTM,FTA,3PM,REB,AST,STL,BLK,TO,PTS,Research %ROST,Research +/-,Fantasy TOT,Fantasy AVG,Position List,Projected Fantasy Points,VORP,Adjusted VORP,Tier
1,Nikola Jokic,Den,C,35.1,10.4,17.7,4.7,5.8,1.0,12.7,9.2,1.4,0.8,3.3,26.7,99.9,0.0,4862.0,63.1,['C'],63.0,42.3,3.4005659797087358,5
2,Victor Wembanyama,SA,C,33.4,9.2,18.8,4.8,5.8,2.1,12.0,4.4,1.8,4.3,4.1,25.4,99.9,0.0,4418.0,63.1,['C'],63.1,42.400000000000006,3.408605142781334,5
3,Luka Doncic,Dal,PG,37.0,11.2,23.1,6.9,8.9,3.7,9.1,9.3,1.4,0.5,4.0,33.1,99.9,0.0,4423.0,61.4,['PG'],61.4,42.3,3.4074358663640942,5
4,Shai Gilgeous-Alexander,OKC,PG,34.8,11.2,21.1,8.1,9.3,1.4,5.6,6.8,2.0,0.9,2.3,32.0,99.9,0.0,4421.0,59.7,['PG'],59.699999999999996,40.599999999999994,3.2704939993943785,5
5,Giannis Antetokounmpo,Mil,"PF, C",35.4,11.6,19.5,7.5,11.4,0.6,11.9,6.5,1.1,1.1,3.6,31.3,99.9,0.0,4076.0,58.2,"['PF', 'C']",58.199999999999996,37.5,3.278675579169775,5
6,Domantas Sabonis,Sac,"C, PF",36.1,7.7,13.0,3.7,5.2,0.4,13.6,8.0,0.9,0.6,3.3,19.6,99.9,0.0,4004.0,50.1,"['C', 'PF']",49.9,29.2,2.549104337692319,5
7,Tyrese Haliburton,Ind,"PG, SG",34.8,7.7,16.1,3.0,3.5,3.0,4.2,11.5,1.4,0.7,2.5,21.4,99.9,0.0,3770.0,53.9,"['PG', 'SG']",53.8,34.699999999999996,2.8025360369062304,5
8,Anthony Davis,LAL,"C, PF",35.9,9.6,17.2,5.7,7.0,0.4,12.7,3.4,1.2,2.3,2.1,25.2,99.9,0.0,3548.0,55.4,"['C', 'PF']",55.599999999999994,34.89999999999999,3.0501351902732226,5
9,Ja Morant,Mem,PG,36.2,10.8,22.5,6.5,8.6,1.7,6.4,8.4,1.2,0.4,3.8,29.7,99.7,0.1,3523.0,50.3,['PG'],50.400000000000006,31.300000000000004,2.521341433030642,5
10,Jayson Tatum,Bos,"PF, SF",36.0,9.2,19.7,5.9,7.0,3.1,8.2,4.8,1.0,0.6,2.6,27.5,99.9,0.0,3590.0,47.2,"['PF', 'SF']",47.2,26.300000000000004,2.311773933838207,5
11,Anthony Edwards,Min,"SG, SF",36.8,10.0,21.7,5.8,7.1,2.8,5.7,5.1,1.4,0.6,3.2,28.6,99.9,0.0,3576.0,45.8,"['SG', 'SF']",45.9,23.699999999999996,2.1401281288995335,5
12,Trae Young,Atl,PG,36.2,8.4,19.3,7.0,8.0,3.0,3.0,10.7,1.3,0.2,4.3,26.7,99.7,0.0,3355.0,47.9,['PG'],48.0,28.9,2.328011738485161,5
13,LeBron James,LAL,"SF, PF",35.2,9.8,18.4,4.3,5.7,2.1,7.4,8.0,1.2,0.6,3.4,26.0,99.9,0.0,3362.0,51.7,"['SF', 'PF']",51.7,30.800000000000004,2.707324606928394,5
14,Jalen Brunson,NY,PG,35.8,10.2,21.2,5.4,6.4,2.7,3.7,6.7,0.9,0.2,2.4,28.4,99.8,0.0,3492.0,45.9,['PG'],46.0,26.9,2.166903659697261,5
15,Donovan Mitchell,Cle,"SG, PG",36.1,9.6,20.5,4.9,5.7,3.5,4.9,5.7,1.7,0.5,2.9,27.5,99.8,0.1,3373.0,48.2,"['SG', 'PG']",48.2,29.1,2.3441225463639515,5
16,Joel Embiid,Phi,C,34.4,11.3,21.3,10.2,11.8,1.3,11.0,5.1,1.1,1.7,3.7,34.1,99.8,0.0,3604.0,60.1,['C'],60.1,39.400000000000006,3.1674302506034095,5
17,De'Aaron Fox,Sac,PG,36.2,9.8,20.7,4.4,5.9,2.6,4.6,5.8,1.9,0.4,2.7,26.6,99.6,0.0,3352.0,46.6,['PG'],46.60000000000001,27.500000000000007,2.2152360833336315,5
18,Devin Booker,Phx,"PG, SG",36.6,10.0,20.3,6.3,7.1,2.4,4.6,6.5,0.9,0.4,2.7,28.6,99.9,0.0,3306.0,47.2,"['PG', 'SG']",47.300000000000004,28.200000000000003,2.2716239109093963,5
19,Pascal Siakam,Ind,PF,34.3,8.7,16.5,3.9,5.3,1.1,7.3,4.6,0.8,0.4,1.9,22.4,99.1,0.3,3155.0,40.4,['PF'],40.5,19.6,1.722842931681705,5
20,Kevin Durant,Phx,PF,36.5,9.8,18.8,4.8,5.6,2.2,6.5,5.0,0.9,1.2,3.2,26.7,99.9,0.0,3132.0,47.5,['PF'],47.400000000000006,26.500000000000007,2.3293539637533263,5
21,Zion Williamson,NO,PF,33.7,10.3,17.8,5.8,8.2,0.3,6.3,5.3,1.2,0.7,3.0,26.6,98.9,0.4,2923.0,45.7,['PF'],45.800000000000004,24.900000000000006,2.188713724432371,5
22,Scottie Barnes,Tor,"SF, SG, PF",36.3,7.5,15.8,3.2,4.1,1.6,8.3,6.0,1.3,1.4,2.7,19.7,99.7,0.1,3164.0,45.2,"['SF', 'SG', 'PF']",45.3,24.4,2.1447636496445717,5
23,Karl-Anthony Towns,NY,"C, PF",34.9,8.3,16.4,4.5,5.2,2.3,10.7,3.5,0.8,1.2,3.1,23.4,99.6,0.2,3129.0,44.7,"['C', 'PF']",44.7,24.000000000000004,2.092023559899214,5
24,LaMelo Ball,Cha,PG,34.3,8.0,18.8,3.4,3.9,3.3,6.5,8.2,1.7,0.3,3.6,22.7,98.9,0.7,3065.0,46.4,['PG'],46.4,27.299999999999997,2.1991252754548407,5
25,Tyrese Maxey,Phi,"PG, SG",36.6,8.8,19.4,4.4,5.1,2.9,3.6,5.9,1.0,0.4,1.6,24.9,99.6,0.1,3101.0,43.1,"['PG', 'SG']",43.10000000000001,24.000000000000007,1.933296945454806,5
26,Alperen Sengun,Hou,C,33.7,8.0,15.0,3.8,5.5,0.5,9.8,4.9,1.2,0.9,2.8,20.4,98.8,0.4,3076.0,42.7,['C'],42.6,21.900000000000002,1.7605767128988492,5
27,Paolo Banchero,Orl,"PF, SF",35.9,8.5,18.7,5.8,7.9,1.7,7.1,5.3,0.9,0.8,3.1,24.6,99.7,0.1,3105.0,40.9,"['PF', 'SF']",40.8,19.9,1.749212976554384,5
28,James Harden,LAC,"PG, SG",34.7,5.2,12.0,4.5,5.1,2.6,5.3,8.9,1.1,0.7,2.7,17.4,99.0,0.4,3065.0,42.6,"['PG', 'SG']",42.699999999999996,23.599999999999994,1.9010753296972247,5
29,Nikola Vucevic,Chi,C,34.1,7.6,15.5,1.4,1.7,1.3,10.7,3.3,0.7,0.8,1.6,17.9,97.0,0.7,3013.0,38.6,['C'],38.7,18.000000000000004,1.4470493530675475,5
30,Stephen Curry,GS,PG,32.4,8.7,19.1,4.1,4.4,4.7,4.7,5.3,0.8,0.4,2.9,26.2,99.8,0.0,3108.0,43.2,['PG'],43.199999999999996,24.099999999999994,1.9413523493941998,5
31,Cade Cunningham,Det,"PG, SG",34.9,9.1,19.9,3.9,4.4,2.3,5.2,7.8,1.0,0.4,3.6,24.4,98.7,0.8,3053.0,43.6,"['PG', 'SG']",43.7,24.6,1.9816293690911755,5
32,DeMar DeRozan,Sac,"SF, PF",33.6,8.2,16.6,6.0,6.9,0.7,4.2,4.7,1.0,0.4,1.8,23.1,99.1,0.1,2952.0,38.3,"['SF', 'PF']",38.3,17.4,1.529462602615391,5
33,Damian Lillard,Mil,PG,35.6,7.8,18.1,6.9,7.5,3.2,4.4,7.0,0.9,0.3,2.8,25.7,99.6,0.0,3040.0,43.4,['PG'],43.400000000000006,24.300000000000004,1.9574631572729908,5
34,Kyrie Irving,Dal,"PG, SG",34.5,9.5,19.2,3.3,3.6,2.9,4.9,5.1,1.2,0.5,1.8,25.2,99.6,0.1,2943.0,46.0,"['PG', 'SG']",45.9,26.799999999999997,2.158848255757866,5
35,Desmond Bane,Mem,"SG, SF",34.9,8.6,18.3,3.2,3.7,3.3,4.8,5.1,1.1,0.5,2.5,23.7,97.4,1.2,2879.0,41.7,"['SG', 'SF']",41.8,19.599999999999994,1.7698949926764074,5
36,Chet Holmgren,OKC,C,31.1,6.5,12.3,2.8,3.5,1.7,8.4,2.6,0.7,2.4,1.7,17.5,99.5,0.1,3005.0,41.7,['C'],41.800000000000004,21.100000000000005,1.6962634083180697,5
37,Dejounte Murray,NO,"SG, PG",33.6,7.6,16.6,2.1,2.6,2.1,5.2,6.2,1.4,0.3,2.4,19.4,98.8,0.1,2981.0,39.2,"['SG', 'PG']",39.199999999999996,20.099999999999994,1.619136191818399,5
38,Bam Adebayo,Mia,C,34.9,7.8,14.7,4.3,5.6,0.2,10.4,3.8,1.2,1.2,2.4,20.0,99.3,0.0,3054.0,42.4,['C'],42.6,21.900000000000002,1.7605767128988492,5
39,Lauri Markkanen,Utah,"PF, SF",34.1,8.0,16.6,4.7,5.2,3.2,8.3,2.0,0.9,0.5,1.5,23.8,98.4,0.8,2855.0,40.8,"['PF', 'SF']",40.8,19.9,1.749212976554384,5
40,Jamal Murray,Den,PG,32.3,7.9,16.7,2.7,3.2,2.5,4.1,6.5,1.0,0.5,2.2,21.0,98.0,0.3,2824.0,40.9,['PG'],40.800000000000004,21.700000000000003,1.74802265484872,5
41,Jaylen Brown,Bos,"SF, SG",34.0,9.2,18.5,3.2,4.5,2.2,5.8,3.5,1.2,0.5,2.5,23.8,99.7,0.1,2897.0,39.1,"['SF', 'SG']",39.2,17.0,1.5351130038519865,5
42,Jalen Williams,OKC,PF,33.2,7.6,14.2,2.6,3.2,1.5,4.3,4.6,1.3,0.8,1.8,19.3,97.0,0.7,2850.0,39.6,['PF'],39.5,18.6,1.634942782106108,5
43,Jalen Green,Hou,SG,34.0,8.7,19.4,4.2,5.1,3.1,5.0,3.7,0.8,0.5,2.5,24.7,98.4,0.3,2957.0,37.4,['SG'],37.5,14.0,1.294901139164595,5
44,Julius Randle,Min,PF,35.8,8.1,18.2,4.9,6.4,2.1,9.8,4.8,0.7,0.6,3.2,23.3,92.9,3.9,2764.0,40.1,['PF'],40.099999999999994,19.199999999999996,1.6876828718514658,5
45,Rudy Gobert,Min,C,33.2,5.3,8.0,3.4,5.2,0.0,12.8,1.3,0.7,2.0,1.6,14.0,94.6,2.2,2798.0,37.8,['C'],37.800000000000004,17.100000000000005,1.3746968854141703,5
46,Paul George,Phi,"SF, PF",33.1,7.7,16.6,3.7,4.1,3.1,5.3,3.8,1.5,0.5,2.3,22.2,97.7,-0.3,2690.0,40.1,"['SF', 'PF']",40.0,19.1,1.6788928568939065,5
47,Miles Bridges,Cha,"SF, PF",36.8,7.9,16.8,2.8,3.4,2.2,7.2,3.5,0.9,0.6,2.0,20.8,92.1,3.9,2778.0,37.5,"['SF', 'PF']",37.6,16.700000000000003,1.4679324979124735,5
48,Jalen Johnson,Atl,PF,34.9,6.6,12.9,2.0,2.7,1.3,9.0,3.7,1.2,0.9,1.8,16.4,86.5,7.5,2692.0,38.5,['PF'],38.5,17.6,1.5470426325305109,5
49,Evan Mobley,Cle,"PF, C",32.0,6.4,11.4,2.5,3.6,0.4,9.1,3.0,0.9,1.5,1.8,15.7,93.2,2.0,2551.0,37.5,"['PF', 'C']",37.5,16.8,1.4591424829549136,5
50,Coby White,Chi,"PG, SG",36.7,7.7,17.2,3.0,3.6,2.7,4.5,5.1,0.7,0.2,2.1,21.1,90.9,3.5,2799.0,35.4,"['PG', 'SG']",35.5,16.4,1.3210862460607835,5
51,Jimmy Butler,Mia,"SF, SG, PF",33.5,6.7,13.3,6.7,7.8,0.8,5.4,5.0,1.4,0.3,1.7,21.0,95.8,2.3,2579.0,39.7,"['SF', 'SG', 'PF']",39.599999999999994,18.699999999999996,1.6437327970636673,5
52,D'Angelo Russell,LAL,"PG, SG",33.4,6.5,14.4,2.2,2.7,3.0,3.2,6.5,0.9,0.3,2.2,18.3,91.5,2.0,2713.0,36.2,"['PG', 'SG']",36.0,16.9,1.3613632657577586,5
53,Anfernee Simons,Por,"SG, PG",35.2,9.1,20.3,3.9,4.3,3.6,3.6,5.5,0.5,0.1,2.7,25.8,86.4,4.3,2589.0,38.6,"['SG', 'PG']",38.5,19.4,1.562748364242634,5
54,Cam Thomas,Bkn,SG,34.0,9.3,20.6,5.6,6.5,2.6,3.5,3.1,0.7,0.3,2.0,26.9,88.2,3.4,2578.0,36.3,['SG'],36.3,12.799999999999997,1.1839096129504865,5
55,Immanuel Quickley,Tor,"PG, SG",35.1,6.7,15.5,3.6,4.2,3.0,4.6,5.6,0.9,0.2,1.8,20.0,87.3,3.3,2651.0,36.8,"['PG', 'SG']",36.900000000000006,17.800000000000004,1.4338619012123144,5
56,Kyle Kuzma,Wsh,"PF, SF",33.4,8.7,18.9,2.7,3.5,2.2,6.9,4.3,0.5,0.7,2.8,22.4,88.9,3.0,2631.0,37.1,"['PF', 'SF']",37.0,16.1,1.415192408167115,5
57,Mikal Bridges,NY,"SF, SG",35.1,6.5,14.0,2.9,3.4,2.1,4.4,3.1,1.1,0.8,1.5,18.1,95.2,0.3,2784.0,34.0,"['SF', 'SG']",33.900000000000006,11.700000000000003,1.0565189497098968,5
58,Fred VanVleet,Hou,PG,32.9,5.4,13.1,2.6,3.0,2.8,3.5,6.9,1.3,0.4,1.7,16.1,87.8,3.1,2610.0,36.8,['PG'],36.900000000000006,17.800000000000004,1.4338619012123144,5
59,Franz Wagner,Orl,"SF, PF",33.7,7.5,15.6,3.8,4.5,1.4,5.4,3.8,1.1,0.6,2.0,20.2,92.2,1.2,2636.0,36.1,"['SF', 'PF']",36.099999999999994,15.199999999999996,1.336082273549077,5
60,Myles Turner,Ind,C,28.1,6.4,12.1,3.3,4.2,1.6,7.2,1.3,0.5,2.0,1.5,17.6,89.2,3.2,2637.0,35.6,['C'],35.800000000000004,15.100000000000005,1.2139136239622206,5
61,Michael Porter Jr.,Den,SF,32.3,7.1,14.6,1.7,2.1,3.1,6.9,1.5,0.6,0.6,1.2,19.0,85.3,4.4,2388.0,33.6,['SF'],33.6,11.399999999999999,1.0294287202301555,5
62,Zach LaVine,Chi,"SG, SF",35.6,8.5,17.8,4.7,5.5,2.7,4.6,4.4,0.8,0.3,2.5,24.4,89.7,3.0,2492.0,38.3,"['SG', 'SF']",38.3,16.099999999999994,1.453842315412763,5
63,Jarrett Allen,Cle,C,32.5,6.2,9.6,2.6,3.6,0.0,10.1,1.9,0.8,1.2,1.5,15.0,87.7,2.9,2609.0,35.7,['C'],35.7,15.000000000000004,1.205874460889623,5
64,Kristaps Porzingis,Bos,"C, PF",30.3,7.0,13.9,4.8,5.6,1.9,7.5,2.2,0.8,1.8,1.7,20.8,87.1,1.1,2374.0,40.9,"['C', 'PF']",40.900000000000006,20.200000000000006,1.7580029915119446,5
65,Jaren Jackson Jr.,Mem,"C, PF",30.9,7.3,16.2,4.7,5.8,1.7,5.8,1.9,1.1,1.9,2.2,21.0,91.0,1.7,2495.0,37.2,"['C', 'PF']",37.2,16.500000000000004,1.4327724380822346,5
66,Darius Garland,Cle,PG,34.1,7.0,15.4,3.0,3.5,2.4,2.7,7.1,1.3,0.1,3.1,19.3,88.1,2.3,2548.0,35.9,['PG'],36.099999999999994,16.999999999999993,1.369418669697153,5
67,Brandon Ingram,NO,SF,32.8,7.9,16.3,4.1,5.0,1.3,5.1,5.6,0.7,0.6,2.6,21.3,89.7,1.6,2445.0,37.6,['SF'],37.5,15.299999999999997,1.3816017034667876,5
68,CJ McCollum,NO,"SG, PG",31.4,7.1,15.6,1.8,2.3,3.2,4.1,4.6,0.9,0.5,1.8,19.2,86.8,2.5,2502.0,35.7,"['SG', 'PG']",35.8,16.699999999999996,1.3452524578789684,5
69,Jonas Valanciunas,Wsh,C,27.2,5.8,10.3,2.3,2.9,0.5,10.2,2.4,0.5,0.9,1.6,14.3,83.6,2.5,2663.0,32.9,['C'],32.900000000000006,12.200000000000006,0.9807778948568936,5
70,Jrue Holiday,Bos,"PG, SG",33.1,5.6,11.5,1.3,1.5,2.1,5.3,5.6,1.0,0.7,2.1,14.4,89.9,1.7,2518.0,35.0,"['PG', 'SG']",35.1,16.0,1.2888646303032036,5
71,Devin Vassell,SA,"SG, SF",33.5,7.4,15.7,2.4,3.0,2.5,3.9,4.1,1.1,0.4,1.6,19.6,80.5,2.2,2480.0,35.4,"['SG', 'SF']",35.5,13.299999999999997,1.2010001736018479,5
72,Bradley Beal,Phx,"SF, SG",33.6,7.6,15.0,2.6,3.1,1.8,4.3,5.2,1.0,0.5,2.6,19.5,83.6,3.7,2371.0,36.5,"['SF', 'SG']",36.5,14.299999999999997,1.2913009385343177,5
73,Derrick White,Bos,"SG, PG",31.3,5.0,10.9,2.0,2.2,2.4,4.0,4.9,0.9,0.9,1.5,14.3,90.0,1.7,2515.0,33.5,"['SG', 'PG']",33.6,14.5,1.1680335712122782,5
74,Nic Claxton,Bkn,C,30.9,5.4,8.4,1.7,3.0,0.0,10.1,2.1,0.7,2.1,1.3,12.5,84.8,1.2,2628.0,36.5,['C'],36.5,15.8,1.2701877654704026,5
75,Daniel Gafford,Dal,C,25.4,4.8,6.7,1.8,2.6,0.0,7.6,1.5,0.8,2.0,1.1,11.4,75.6,8.1,2523.0,33.2,['C'],33.1,12.400000000000002,0.9968562210020883,5
76,Brandon Miller,Cha,"SF, SG",34.0,7.8,17.2,2.4,2.9,3.2,4.5,2.5,0.9,0.6,1.9,21.2,87.2,2.9,2477.0,33.9,"['SF', 'SG']",34.0,11.799999999999997,1.0655490262031433,5
77,Austin Reaves,LAL,"SG, SF",33.9,5.7,11.7,3.1,3.6,1.9,4.4,5.5,0.8,0.3,2.2,16.4,88.3,0.9,2507.0,33.0,"['SG', 'SF']",32.9,10.699999999999996,0.9662181847774264,5
78,Jalen Duren,Det,C,30.7,5.6,9.0,2.3,3.1,0.0,11.9,2.2,0.6,0.9,2.1,13.6,80.8,3.5,2388.0,33.2,['C'],33.1,12.400000000000002,0.9968562210020883,5
79,Collin Sexton,Utah,"SG, PG",27.3,6.6,13.6,4.2,4.9,1.6,2.7,5.0,0.8,0.2,2.2,19.1,78.6,3.4,2371.0,32.0,"['SG', 'PG']",31.9,12.799999999999997,1.0310917042425627,4
80,Josh Giddey,Chi,"SG, SF",28.9,5.9,12.4,1.3,1.7,1.1,7.3,5.6,0.7,0.5,2.5,14.2,85.6,0.5,2442.0,32.6,"['SG', 'SF']",32.6,10.399999999999999,0.9391279552976857,5
81,Terry Rozier,Mia,"PG, SG",30.8,6.7,15.3,2.5,2.9,2.3,3.7,4.9,1.0,0.3,1.6,18.2,77.1,2.2,2353.0,33.6,"['PG', 'SG']",33.7,14.600000000000001,1.1760889751516734,5
82,Mark Williams,Cha,C,28.9,5.6,8.6,2.6,3.6,0.0,10.5,1.2,0.9,1.2,1.0,13.7,63.0,3.2,2273.0,34.4,['C'],34.6,13.900000000000002,1.1174436670910506,5
83,Malcolm Brogdon,Wsh,"PG, SG",31.9,6.4,13.9,3.1,3.6,2.2,4.8,5.3,0.8,0.3,1.8,18.0,59.2,2.9,2252.0,34.6,"['PG', 'SG']",34.8,15.699999999999996,1.264698418485018,5
84,Jusuf Nurkic,Phx,C,27.9,4.6,8.9,2.4,3.7,0.4,10.9,3.8,1.1,1.0,2.4,12.0,76.2,3.1,2305.0,33.4,['C'],33.5,12.8,1.0290128732924781,5
85,Tobias Harris,Det,"PF, SF",32.9,6.3,12.8,2.4,2.7,1.3,6.2,2.9,0.9,0.6,1.3,16.2,80.0,2.1,2364.0,32.4,"['PF', 'SF']",32.39999999999999,11.499999999999993,1.0108517201193672,5
86,Zach Edey,Mem,C,25.9,6.1,10.9,2.2,3.1,0.0,6.7,1.1,0.7,1.6,1.6,14.4,69.0,18.2,2079.0,29.7,['C'],29.700000000000003,9.000000000000004,0.7235246765337738,4
87,Tyler Herro,Mia,"SG, PG",33.8,7.6,17.2,2.5,2.8,3.1,5.3,4.3,0.7,0.1,2.3,20.7,83.0,2.0,2371.0,33.9,"['SG', 'PG']",34.0,14.899999999999999,1.2002551869698581,5
88,Amen Thompson,Hou,"SF, PF",28.1,4.8,9.0,2.2,3.1,0.4,8.3,3.3,1.6,0.8,1.8,12.1,79.3,2.7,2308.0,33.0,"['SF', 'PF']",33.099999999999994,12.199999999999996,1.0723818248222854,5
89,Jakob Poeltl,Tor,C,27.4,5.3,8.1,1.3,2.3,0.0,9.0,2.7,0.7,1.5,1.6,11.8,67.7,2.7,2257.0,33.2,['C'],33.3,12.599999999999998,1.0129345471472828,5
90,RJ Barrett,Tor,"SF, SG",34.2,7.9,16.4,3.9,5.4,1.7,5.8,3.4,0.6,0.4,2.3,21.4,78.1,2.0,2271.0,32.9,"['SF', 'SG']",33.0,10.799999999999997,0.9752482612706734,5
91,Bogdan Bogdanovic,Atl,"SG, SF",31.8,6.2,14.3,1.9,2.1,3.1,3.6,3.3,1.2,0.3,1.4,17.4,76.7,2.5,2347.0,31.7,"['SG', 'SF']",31.799999999999997,9.599999999999994,0.8668873433517095,4
92,Kawhi Leonard,LAC,"SF, PF",33.3,8.7,16.6,3.9,4.4,2.0,6.1,3.6,1.5,0.8,1.7,23.2,93.5,-4.8,2225.0,44.5,"['SF', 'PF']",44.599999999999994,23.699999999999996,2.083233544941653,5
93,Klay Thompson,Dal,"SG, SF",33.1,7.2,16.6,1.8,2.0,3.9,3.7,2.5,0.7,0.5,1.7,20.2,82.5,1.9,2326.0,31.9,"['SG', 'SF']",31.799999999999997,9.599999999999994,0.8668873433517095,4
94,Deandre Ayton,Por,C,28.8,7.1,12.2,1.3,1.7,0.0,9.8,1.5,0.8,0.7,1.6,15.5,71.5,1.1,2099.0,32.8,['C'],32.7,12.000000000000004,0.9646995687116984,5
95,Keegan Murray,Sac,"PF, SF",33.2,5.4,12.0,1.2,1.5,2.5,5.3,1.6,1.0,0.7,0.8,14.6,81.4,0.1,2298.0,29.5,"['PF', 'SF']",29.3,8.400000000000002,0.7383612564350166,4
96,Buddy Hield,GS,"SG, SF",30.1,5.3,12.2,1.0,1.1,3.2,4.0,3.1,1.0,0.5,1.5,14.8,76.0,7.9,2420.0,29.5,"['SG', 'SF']",29.5,7.299999999999997,0.6591955840070293,4
97,Grayson Allen,Phx,"SG, PG",34.1,4.6,9.4,1.8,2.0,2.8,4.0,2.9,1.0,0.5,1.2,13.6,57.9,8.9,2166.0,29.3,"['SG', 'PG']",29.4,10.299999999999997,0.8297066057576871,4
98,Josh Hart,NY,"SF, SG",34.1,3.9,8.5,1.4,1.8,1.0,8.4,4.1,1.0,0.6,1.6,10.1,76.3,4.3,2293.0,29.8,"['SF', 'SG']",29.799999999999997,7.599999999999994,0.6862858134867699,4
99,Khris Middleton,Mil,SF,29.0,6.2,13.0,2.3,2.7,1.9,5.0,5.6,1.0,0.3,2.5,16.6,66.6,0.4,2105.0,34.0,['SF'],33.900000000000006,11.700000000000003,1.0565189497098968,5
100,Clint Capela,Atl,C,25.4,4.8,8.2,1.5,2.5,0.0,10.5,1.1,0.6,1.4,0.9,11.2,66.0,-2.2,2263.0,30.6,['C'],30.5,9.8,0.7878379811145535,4
101,Jaime Jaquez Jr.,Mia,"SF, SG",32.0,5.9,12.0,2.7,3.3,1.3,4.3,3.0,1.2,0.6,1.7,15.8,61.9,11.3,2254.0,30.5,"['SF', 'SG']",30.4,8.199999999999996,0.7404662724462518,4
102,Jonathan Kuminga,GS,PF,29.6,6.6,12.6,3.1,4.3,0.9,5.3,2.4,0.8,0.8,1.9,17.3,77.1,1.4,2254.0,30.5,['PF'],30.299999999999997,9.399999999999999,0.8262614060106135,4
103,Aaron Gordon,Den,PF,31.2,5.6,10.2,2.5,3.8,0.7,6.4,3.3,0.8,0.6,1.5,14.4,71.0,1.2,2252.0,30.4,['PF'],30.4,9.5,0.8350514209681734,4
104,Trayce Jackson-Davis,GS,"PF, C",24.7,5.2,7.2,1.7,2.9,0.0,7.4,1.8,0.6,1.7,1.1,12.0,60.1,8.2,2298.0,31.9,"['PF', 'C']",32.0,11.3,0.975691660289129,4
105,Tyus Jones,Phx,PG,27.3,4.6,9.6,0.6,0.8,1.5,2.6,6.6,1.0,0.2,0.9,11.3,61.4,-1.7,2168.0,31.0,['PG'],31.0,11.899999999999999,0.9585930687880075,4
106,Deni Avdija,Por,"SF, PF",29.7,5.2,10.4,2.6,3.5,1.1,7.1,3.7,0.8,0.5,2.1,14.1,63.9,5.9,2240.0,29.9,"['SF', 'PF']",29.799999999999997,8.899999999999999,0.7823113312228149,4
107,Reed Sheppard,Hou,SG,28.6,5.1,11.1,2.5,2.9,2.1,3.2,4.6,1.1,0.5,1.8,14.8,58.8,9.0,2154.0,30.8,['SG'],30.8,7.300000000000001,0.6751984511358246,4
108,Russell Westbrook,Den,PG,28.3,5.6,12.6,2.3,3.4,0.9,6.1,6.1,1.2,0.4,2.9,14.5,70.0,5.1,2323.0,31.8,['PG'],31.8,12.7,1.0230363003031677,4
109,Walker Kessler,Utah,C,24.5,3.9,5.8,1.0,1.8,0.0,8.3,1.0,0.5,2.5,1.0,8.9,63.5,-1.0,2133.0,30.5,['C'],30.4,9.7,0.7797988180419559,4
110,Jerami Grant,Por,PF,33.5,6.9,15.1,4.6,5.6,2.1,3.7,2.6,0.8,0.7,2.0,20.4,64.9,2.5,2102.0,30.9,['PF'],31.1,10.200000000000003,0.8965815256710917,4
111,Bobby Portis,Mil,PF,26.0,5.9,11.7,1.3,1.6,1.4,8.2,1.3,0.8,0.4,1.2,14.4,64.5,-2.8,2266.0,28.7,['PF'],28.8,7.900000000000002,0.694411181647218,4
112,P.J. Washington,Dal,PF,33.3,5.3,12.2,1.5,2.2,2.0,6.1,2.2,1.1,0.9,1.5,14.2,56.9,7.3,2181.0,29.5,['PF'],29.4,8.5,0.7471512713925762,4
113,Brook Lopez,Mil,C,29.7,4.9,9.8,1.5,1.8,1.8,5.4,1.5,0.5,2.3,1.1,13.0,70.8,-2.9,2289.0,31.8,['C'],31.900000000000002,11.200000000000003,0.9003862641309185,4
114,John Collins,Utah,PF,28.2,5.8,10.9,2.1,2.7,1.2,8.3,1.2,0.6,0.9,1.4,14.9,58.3,-0.1,2111.0,30.2,['PF'],30.1,9.200000000000003,0.8086813760954945,4
115,Donte DiVincenzo,Min,SG,30.2,5.3,12.0,1.1,1.4,3.3,4.1,3.0,1.4,0.4,1.5,15.0,74.6,6.1,2311.0,30.8,['SG'],30.9,7.399999999999999,0.684447744987,4
116,Jabari Smith Jr.,Hou,"PF, C",32.7,5.0,11.4,2.1,2.6,1.8,8.1,1.5,0.7,0.9,1.3,13.9,72.4,-1.1,2210.0,28.7,"['PF', 'C']",28.700000000000003,8.000000000000004,0.6856211666896586,4
117,Caris LeVert,Cle,"SG, SF",29.3,5.1,11.9,2.2,2.9,1.6,4.0,4.8,1.1,0.5,1.7,13.9,53.4,2.5,2130.0,29.6,"['SG', 'SF']",29.7,7.4999999999999964,0.6772557369935231,4
118,Naz Reid,Min,"C, PF",25.7,5.4,11.2,1.5,2.1,2.1,5.8,1.4,0.8,1.0,1.5,14.5,74.8,1.9,2216.0,28.4,"['C', 'PF']",28.400000000000002,7.700000000000003,0.6592511218169793,4
119,Dennis Schroder,Bkn,PG,31.3,5.0,11.5,2.4,2.9,1.6,3.0,5.8,0.8,0.2,1.9,14.0,53.5,3.2,2211.0,28.3,['PG'],28.4,9.299999999999997,0.7491525663637368,4
120,Draymond Green,GS,"PF, C",27.5,3.3,6.4,1.0,1.4,0.8,7.0,6.1,1.0,0.8,2.5,8.3,60.5,1.1,2046.0,30.1,"['PF', 'C']",30.299999999999997,9.599999999999998,0.8262614060106135,4
121,OG Anunoby,NY,"SF, PF",33.6,5.6,11.5,1.4,1.8,2.0,4.2,2.1,1.4,0.7,1.6,14.6,68.0,3.1,1943.0,29.4,"['SF', 'PF']",29.5,8.600000000000001,0.755941286350136,4
122,Mike Conley,Min,PG,27.2,3.7,8.3,1.4,1.6,2.1,2.7,5.6,1.1,0.2,1.3,11.0,49.3,-1.5,2116.0,28.6,['PG'],28.499999999999996,9.399999999999995,0.7572079703031317,4
123,Stephon Castle,SA,PG,28.9,5.5,11.9,2.8,3.7,1.1,3.1,3.7,1.4,0.8,2.1,14.9,42.5,10.8,2045.0,29.2,['PG'],29.300000000000004,10.200000000000003,0.8216512018182924,4
124,Ausar Thompson,Det,"SF, PF",29.5,4.4,8.9,1.4,2.2,0.4,7.5,2.2,1.3,1.1,1.6,10.6,47.7,-0.5,2079.0,28.5,"['SF', 'PF']",28.4,7.5,0.659251121816979,4
125,Brandin Podziemski,GS,SG,29.3,4.1,8.9,0.8,1.2,1.4,6.4,4.1,0.9,0.4,1.3,10.5,38.8,5.6,2102.0,28.0,['SG'],28.0,4.5,0.41621822330290553,4
126,Jaden Ivey,Det,SG,31.8,5.9,13.8,3.4,4.5,1.7,3.8,4.6,0.8,0.5,2.9,16.8,52.4,1.9,2112.0,27.8,['SG'],27.799999999999997,4.299999999999997,0.3977196356005539,4
127,Isaiah Hartenstein,OKC,C,27.4,3.4,5.5,1.5,2.1,0.1,8.9,2.6,1.2,1.2,1.3,8.4,51.7,-6.8,1912.0,30.3,['C'],30.299999999999997,9.599999999999998,0.7717596549693584,4
128,Keldon Johnson,SA,SF,29.8,5.8,12.8,2.6,3.3,1.9,5.5,2.8,0.7,0.4,1.5,16.1,34.0,-1.9,2002.0,28.6,['SF'],28.6,6.399999999999999,0.5779248955678066,4
129,Ivica Zubac,LAC,C,26.7,4.8,7.4,1.9,2.6,0.0,9.3,1.3,0.3,1.2,1.2,11.4,38.4,2.9,2008.0,28.3,['C'],28.4,7.699999999999999,0.6190155565900063,4
130,Cameron Johnson,Bkn,"SF, PF",30.5,5.3,11.7,1.8,2.2,2.7,4.8,2.4,1.0,0.3,1.0,15.0,33.5,3.9,1962.0,28.9,"['SF', 'PF']",29.0,8.100000000000001,0.7119912115623375,4
131,Jordan Poole,Wsh,"SG, PG",27.8,5.8,14.0,2.5,2.8,2.2,2.5,4.1,1.0,0.3,2.3,16.3,71.3,-1.7,2109.0,27.0,"['SG', 'PG']",27.1,8.0,0.6444323151516018,4
132,Donovan Clingan,Por,C,22.8,4.3,7.7,1.2,1.8,0.2,5.7,1.9,0.6,2.2,1.4,10.0,24.5,8.6,1984.0,28.3,['C'],28.400000000000002,7.700000000000003,0.6190155565900065,4
133,Kelly Oubre Jr.,Phi,"SF, SG",30.8,5.9,13.3,2.6,3.5,1.6,5.1,1.5,1.2,0.7,1.3,15.9,34.5,6.2,1973.0,28.2,"['SF', 'SG']",28.2,5.9999999999999964,0.5418045895948185,4
134,Malik Monk,Sac,"SG, SF",25.1,5.2,11.7,2.2,2.6,2.0,2.9,4.6,0.6,0.5,2.0,14.6,38.5,-0.1,2010.0,27.5,"['SG', 'SF']",27.4,5.199999999999996,0.4695639776488425,4
135,Dereck Lively II,Dal,C,25.8,4.3,5.9,0.9,1.6,0.0,7.5,1.2,0.7,1.5,1.0,9.4,33.6,4.5,1964.0,28.1,['C'],28.1,7.400000000000002,0.5948980673722141,4
136,Scoot Henderson,Por,PG,31.8,6.2,15.3,3.4,4.1,1.7,3.5,6.1,0.9,0.2,3.8,17.4,55.8,0.8,1957.0,28.0,['PG'],28.0,8.899999999999999,0.7169309506061569,4
137,Chris Paul,SA,PG,25.7,3.5,8.0,0.8,1.0,1.3,3.7,6.7,1.2,0.1,1.3,9.2,50.6,-2.4,1865.0,29.1,['PG'],28.999999999999996,9.899999999999995,0.7974849900001068,4
138,Jeremy Sochan,SA,PF,31.9,5.1,11.5,1.6,2.2,0.9,6.8,3.5,0.9,0.6,2.1,12.8,16.1,5.9,1950.0,27.5,['PF'],27.4,6.5,0.5713509722413818,4
139,Ayo Dosunmu,Chi,SG,31.3,4.8,9.6,1.1,1.4,1.5,3.1,3.4,0.9,0.6,1.5,12.2,24.8,-3.6,2024.0,26.3,['SG'],26.3,2.8000000000000007,0.2589802278329191,4
140,Trey Murphy III,NO,"SF, SG",28.5,4.6,10.1,2.0,2.4,2.7,4.3,1.8,0.9,0.5,0.6,13.8,27.6,-3.0,1916.0,27.4,"['SF', 'SG']",27.5,5.299999999999997,0.4785940541420896,4
141,Herbert Jones,NO,"SF, PF",30.3,3.8,7.7,1.8,2.1,1.3,3.7,2.5,1.4,0.8,1.2,10.7,28.5,4.6,1971.0,26.6,"['SF', 'PF']",26.699999999999996,5.799999999999997,0.5098208675384635,4
142,Marcus Smart,Mem,"SG, PG",30.4,4.4,10.4,1.8,2.4,1.9,3.0,5.2,1.7,0.3,2.6,12.5,22.0,6.8,1791.0,28.4,"['SG', 'PG']",28.400000000000002,9.3,0.7491525663637371,4
143,Kelly Olynyk,Tor,"C, PF",23.0,3.6,6.6,2.0,2.4,0.8,5.3,4.3,0.9,0.4,2.0,10.0,11.7,2.2,1963.0,26.2,"['C', 'PF']",26.1,5.400000000000002,0.4570807777931057,4
144,Onyeka Okongwu,Atl,C,25.8,4.2,6.7,1.8,2.3,0.3,7.2,1.3,0.6,1.2,0.9,10.4,20.7,-4.1,1870.0,27.1,['C'],27.1,6.400000000000002,0.5145064366462392,4
145,Zaccharie Risacher,Atl,"SF, PF",29.6,5.3,11.9,1.6,1.9,0.4,4.9,2.3,0.9,0.7,1.8,12.5,27.3,7.1,1639.0,23.4,"['SF', 'PF']",23.6,2.700000000000003,0.2373304038541127,3
146,Jordan Clarkson,Utah,SG,30.9,6.3,15.1,3.2,3.7,1.8,3.5,4.9,0.6,0.1,2.7,17.6,29.2,-2.7,1837.0,27.0,['SG'],27.1,3.6000000000000014,0.33297457864232455,4
147,Jalen Suggs,Orl,"PG, SG",27.4,4.4,9.8,1.7,2.3,1.9,3.2,3.0,1.4,0.6,1.9,12.5,27.7,5.9,1841.0,26.3,"['PG', 'SG']",26.2,7.099999999999998,0.5719336796970464,4
148,Max Strus,Cle,"SF, SG",31.1,4.3,10.3,1.1,1.3,2.5,4.4,3.4,0.8,0.3,1.4,12.2,11.4,1.0,1888.0,25.5,"['SF', 'SG']",25.599999999999998,3.399999999999995,0.30702260077039684,4
149,Wendell Carter Jr.,Orl,C,26.9,4.6,8.7,1.9,2.7,1.2,7.7,2.0,0.6,0.5,1.4,12.3,8.7,3.8,1796.0,26.4,['C'],26.5,5.800000000000001,0.46627145821065413,4
150,Kentavious Caldwell-Pope,Orl,SG,31.4,3.7,8.1,1.4,1.6,1.7,2.6,2.4,1.3,0.5,1.0,10.5,11.0,2.1,1818.0,23.9,['SG'],23.9,0.3999999999999986,0.036997175404702584,4
151,Bennedict Mathurin,Ind,"SF, SG",30.3,5.8,13.1,3.9,4.7,1.5,4.6,2.2,0.7,0.4,1.9,17.1,17.6,5.2,1816.0,25.9,"['SF', 'SG']",25.900000000000002,3.6999999999999993,0.33411283025013816,4
152,Andre Drummond,Phi,C,19.5,3.8,6.7,1.7,3.0,0.0,10.1,0.7,1.1,0.7,1.3,9.3,16.1,6.7,1899.0,25.0,['C'],25.0,4.300000000000001,0.34568401212169186,4
153,Bojan Bogdanovic,Bkn,"PF, SF",30.2,6.4,13.8,2.9,3.5,2.6,3.4,2.0,0.6,0.1,2.0,18.2,7.5,1.9,1777.0,25.4,"['PF', 'SF']",25.4,4.5,0.3955506730901874,4
154,De'Anthony Melton,GS,"PG, SG",26.6,3.7,9.2,1.4,1.7,2.0,3.9,2.8,1.6,0.5,1.2,10.7,10.2,2.8,1771.0,26.0,"['PG', 'SG']",26.1,7.0,0.5638782757576516,4
155,Kel'el Ware,Mia,C,22.1,4.5,7.9,2.1,2.9,0.5,5.2,0.9,0.8,1.3,1.1,11.7,7.1,2.0,1800.0,25.7,['C'],25.7,5.0,0.40195815362987425,4
156,Alex Caruso,OKC,"SG, PG",26.0,3.0,6.5,0.9,1.2,1.6,3.4,3.2,1.5,0.8,1.3,8.5,30.6,3.8,1797.0,25.7,"['SG', 'PG']",25.7,6.599999999999998,0.5316566600000713,4
157,Shaedon Sharpe,Por,"SG, SF",34.4,5.7,13.9,3.0,3.7,1.9,5.1,2.9,0.9,0.4,2.3,16.4,29.8,-7.8,1846.0,26.8,"['SG', 'SF']",26.599999999999998,4.399999999999995,0.39732336570286664,4
158,Jalen Smith,Chi,"PF, C",21.5,4.6,8.2,1.6,2.2,1.1,6.9,1.2,0.4,0.8,1.0,11.8,5.9,1.7,1802.0,25.4,"['PF', 'C']",25.400000000000002,4.700000000000003,0.3955506730901877,4
159,Matas Buzelis,Chi,SF,28.3,5.0,10.9,1.6,1.9,0.4,4.8,2.7,1.1,0.7,1.6,12.0,9.1,1.7,1778.0,25.4,['SF'],25.400000000000002,3.1999999999999993,0.2889624477839033,4
160,Gary Trent Jr.,Mil,SG,29.5,5.4,12.7,1.5,1.8,2.6,2.6,1.7,1.2,0.3,0.7,14.8,7.8,2.5,1805.0,25.8,['SG'],25.800000000000004,2.3000000000000043,0.212733758577041,4
161,Al Horford,Bos,"C, PF",25.9,3.2,6.3,0.4,0.5,1.6,6.1,2.5,0.6,0.9,0.7,8.4,16.0,3.3,1727.0,25.8,"['C', 'PF']",25.700000000000003,5.0000000000000036,0.42192071796286695,4
162,Norman Powell,LAC,"SG, SF",29.2,5.6,11.6,2.4,2.9,2.4,2.9,1.3,0.7,0.3,1.1,16.0,11.9,5.2,1817.0,24.9,"['SG', 'SF']",24.8,2.599999999999998,0.23478198882442125,4
163,Tre Jones,SA,PG,23.8,3.4,6.8,1.2,1.4,0.7,3.2,5.3,0.9,0.1,1.3,8.7,12.1,-3.4,1856.0,24.4,['PG'],24.4,5.299999999999997,0.42693640878793593,4
164,Andrew Wiggins,GS,"SF, PF",28.2,5.4,11.7,1.9,2.6,1.5,4.6,1.8,0.7,0.6,1.3,14.1,19.4,3.5,1757.0,24.7,"['SF', 'PF']",24.800000000000004,3.9000000000000057,0.34281058334482956,4
165,T.J. McConnell,Ind,PG,18.7,4.5,8.1,0.7,0.9,0.3,2.8,5.5,1.0,0.1,1.6,10.0,7.4,1.0,1818.0,26.0,['PG'],26.0,6.899999999999999,0.5558228718182564,4
166,Cole Anthony,Orl,PG,23.8,4.3,9.9,2.3,2.8,1.2,4.1,3.3,0.8,0.4,1.6,12.2,5.9,0.8,1795.0,23.9,['PG'],23.899999999999995,4.799999999999994,0.38665938909096054,4
167,Alex Sarr,Wsh,"C, PF",26.7,4.1,9.1,2.4,3.2,0.9,6.4,1.1,0.7,1.4,1.7,11.6,24.6,0.7,1717.0,24.5,"['C', 'PF']",24.4,3.6999999999999993,0.3076505235145902,4
168,Aaron Nesmith,Ind,SF,27.4,4.3,8.8,1.5,1.9,1.9,3.8,1.5,0.9,0.6,0.9,11.9,4.9,1.1,1762.0,24.1,['SF'],24.199999999999996,1.999999999999993,0.18060152986493894,4
169,Rui Hachimura,LAL,"PF, SF",27.1,5.3,10.1,1.5,2.0,1.4,4.5,1.2,0.6,0.4,0.7,13.6,15.5,3.8,1716.0,24.5,"['PF', 'SF']",24.5,3.6000000000000014,0.31644053847215003,4
170,Terance Mann,LAC,"SG, SF",31.3,4.4,8.5,1.4,1.7,1.2,4.5,2.3,0.7,0.3,0.9,11.3,8.7,2.5,1819.0,23.6,"['SG', 'SF']",23.8,1.5999999999999979,0.14448122389195148,4
171,Taylor Hendricks,Utah,PF,28.1,3.6,7.9,0.8,1.0,1.8,6.1,1.1,0.9,1.0,0.9,9.7,6.7,2.8,1668.0,24.5,['PF'],24.699999999999996,3.799999999999997,0.3340205683872691,4
172,Nick Richards,Cha,C,25.5,3.8,5.6,2.1,2.8,0.0,7.9,0.8,0.4,1.1,1.1,9.7,4.1,1.3,1697.0,24.2,['C'],24.299999999999997,3.599999999999998,0.28940987061350926,4
173,Spencer Dinwiddie,Dal,"PG, SG",26.5,3.5,8.6,2.3,2.8,1.6,2.7,4.6,0.6,0.3,1.2,10.9,5.6,0.5,1784.0,23.5,"['PG', 'SG']",23.5,4.399999999999999,0.35443777333338083,3
174,Scotty Pippen Jr.,Mem,PG,21.3,4.0,8.2,1.7,2.3,1.2,2.7,3.9,1.5,0.4,2.2,10.9,5.1,1.4,1556.0,25.1,['PG'],25.0,5.899999999999999,0.4752688324243062,4
175,Kyle Anderson,GS,"SF, PF",23.5,2.8,5.9,1.3,1.8,0.3,4.0,4.2,1.0,0.7,1.2,7.1,3.7,0.5,1767.0,23.3,"['SF', 'PF']",23.4,2.5,0.219750373938993,3
176,Paul Reed,Det,"C, PF",18.1,2.9,5.4,0.7,1.0,0.2,5.6,1.2,0.8,1.0,0.8,6.8,2.0,0.5,1564.0,20.9,"['C', 'PF']",20.7,0.0,0.0,3
177,Corey Kispert,Wsh,"SF, SG",27.5,5.0,10.3,1.5,2.0,2.4,3.0,2.0,0.5,0.2,1.2,13.9,5.4,1.2,1805.0,22.8,"['SF', 'SG']",22.9,0.6999999999999957,0.06321053545272846,3
178,Keyonte George,Utah,"PG, SG",28.6,4.8,11.5,2.7,3.1,2.1,3.0,4.7,0.5,0.1,2.7,14.4,19.2,3.1,1693.0,23.5,"['PG', 'SG']",23.6,4.5,0.36249317727277597,3
179,Harrison Barnes,SA,PF,30.7,4.4,9.4,3.0,3.6,1.8,3.8,1.5,0.7,0.1,0.9,13.6,8.4,1.0,1821.0,22.5,['PF'],22.4,1.5,0.1318502243633958,3
180,Steven Adams,Hou,C,22.7,2.5,4.5,1.2,2.3,0.0,8.8,2.8,0.7,0.7,1.3,6.2,3.5,1.3,1648.0,22.9,['C'],23.0,2.3000000000000007,0.1849007506697422,3
181,Andrew Nembhard,Ind,"PG, SG",27.8,4.2,8.6,0.7,0.9,1.0,2.4,4.6,1.0,0.1,1.7,10.2,6.0,1.6,1647.0,23.5,"['PG', 'SG']",23.4,4.299999999999997,0.3463823693939857,3
182,Grant Williams,Cha,PF,30.4,3.8,8.2,1.5,1.9,1.8,4.7,2.3,0.6,0.6,1.4,10.8,3.1,0.8,1749.0,22.7,['PF'],22.900000000000002,2.0000000000000036,0.17580029915119472,3
183,Vince Williams Jr.,Mem,"SG, PG",26.6,3.1,7.1,1.8,2.3,1.4,5.3,3.2,0.9,0.6,1.7,9.5,2.5,0.6,1579.0,23.9,"['SG', 'PG']",23.799999999999997,4.699999999999996,0.3786039851515657,4
184,Robert Williams III,Por,C,20.6,3.1,4.2,0.7,1.0,0.0,7.0,1.3,0.6,1.3,0.8,6.9,2.1,0.3,1525.0,24.2,['C'],24.199999999999996,3.4999999999999964,0.28137070754091165,4
185,Royce O'Neale,Phx,SF,26.7,2.8,6.9,0.4,0.6,1.9,4.8,2.9,0.8,0.6,1.0,7.9,3.0,0.4,1751.0,22.4,['SF'],22.5,0.29999999999999716,0.02709022947974068,3
186,Kevin Huerter,Sac,"SG, SF",25.3,4.2,9.2,0.7,0.9,2.0,3.4,2.6,0.8,0.3,0.9,11.1,12.4,-7.6,1627.0,23.2,"['SG', 'SF']",23.299999999999997,1.0999999999999943,0.09933084142571626,3
187,Patrick Williams,Chi,PF,30.6,4.2,9.3,1.3,1.7,1.5,4.3,1.7,1.0,0.9,1.5,11.2,3.4,1.0,1560.0,23.6,['PF'],23.7,2.8000000000000007,0.2461204188116722,4
188,Duncan Robinson,Mia,SF,29.3,4.6,10.4,1.2,1.3,2.9,2.7,2.7,0.7,0.2,1.4,13.2,3.3,0.5,1648.0,23.5,['SF'],23.7,1.4999999999999964,0.13545114739870437,4
189,Isaiah Stewart,Det,"C, PF",29.6,3.9,8.2,1.5,2.0,1.3,7.2,1.5,0.4,0.8,1.4,10.6,3.1,0.8,1561.0,23.3,"['C', 'PF']",23.200000000000003,2.5000000000000036,0.20217034402387393,3
190,Luguentz Dort,OKC,"SG, SF",28.9,3.9,9.3,1.9,2.4,1.9,3.8,1.6,0.9,0.5,1.0,11.7,7.0,1.0,1681.0,22.4,"['SG', 'SF']",22.199999999999996,-7.105427357601002e-15,-6.41625525563468e-16,3
191,Bruce Brown,Tor,"SG, SF",26.7,4.0,8.3,1.6,2.0,0.8,4.1,2.8,0.9,0.3,1.2,10.4,1.8,0.1,1604.0,22.6,"['SG', 'SF']",22.599999999999998,0.399999999999995,0.03612030597298747,3
192,Kevin Porter Jr.,LAC,SG,23.2,4.2,9.9,1.7,2.5,1.8,3.3,4.4,0.9,0.3,2.3,11.9,7.9,4.0,1466.0,23.6,['SG'],23.700000000000003,0.20000000000000284,0.018498587702351618,4
193,Santi Aldama,Mem,"PF, C",24.6,3.7,8.4,1.0,1.5,1.5,5.4,1.9,0.6,0.8,1.0,9.9,3.1,0.8,1567.0,22.7,"['PF', 'C']",22.700000000000003,2.0000000000000036,0.16078326145195,3
194,Jaden McDaniels,Min,SF,30.3,4.4,9.0,0.9,1.3,1.3,3.5,1.5,0.9,0.7,1.3,11.1,10.5,0.3,1624.0,22.2,['SF'],22.1,-0.10000000000000142,-0.009030076493247108,3
195,Bilal Coulibaly,Wsh,SF,30.4,3.4,7.6,1.6,2.3,1.2,4.5,2.1,1.0,0.8,1.5,9.6,3.6,0.9,1550.0,22.1,['SF'],22.200000000000003,0.0,0.0,3
196,Payton Pritchard,Bos,PG,21.6,3.5,7.6,0.6,0.7,1.8,3.1,3.3,0.5,0.1,0.7,9.4,7.6,2.2,1680.0,21.3,['PG'],21.200000000000003,2.1000000000000014,0.1691634827272956,3
197,Obi Toppin,Ind,PF,20.2,3.8,6.9,0.9,1.2,1.3,3.7,1.5,0.5,0.5,0.8,9.8,3.3,-0.2,1640.0,20.8,['PF'],20.6,-0.29999999999999716,-0.02637004487267891,3
198,Ron Holland II,Det,SF,24.9,4.1,9.2,1.0,1.3,0.2,5.7,1.6,0.9,0.9,1.1,9.5,3.0,0.4,1564.0,22.3,['SF'],22.3,0.09999999999999787,0.009030076493246787,3
199,Rob Dillingham,Min,PG,16.8,3.5,8.2,1.0,1.4,1.0,1.9,2.7,0.7,0.1,1.6,9.0,17.2,0.6,1095.0,15.6,['PG'],15.7,-3.400000000000002,-0.27388373393943094,2
200,Mitchell Robinson,NY,C,21.4,2.4,3.7,0.8,1.8,0.0,7.3,0.6,0.9,1.2,0.7,5.5,2.6,-0.3,1096.0,21.1,['C'],21.1,0.40000000000000213,0.03215665229039011,3
201,Tim Hardaway Jr.,Det,"SG, SF",25.6,4.6,11.4,1.7,2.0,2.5,3.1,1.7,0.5,0.1,0.8,13.3,3.8,0.2,1544.0,20.6,"['SG', 'SF']",20.6,-1.6000000000000014,-0.14448122389195178,3
202,Brandon Clarke,Mem,PF,19.5,4.2,6.5,1.6,2.3,0.0,5.5,1.3,0.6,0.8,0.8,10.1,1.6,0.2,1531.0,23.6,['PF'],23.400000000000002,2.5000000000000036,0.2197503739389933,3
203,Derrick Jones Jr.,LAC,SF,27.6,3.7,7.5,1.6,2.2,1.2,4.1,1.1,0.8,0.8,1.0,10.1,1.6,0.4,1527.0,21.2,['SF'],21.299999999999997,-0.9000000000000057,-0.08127068843922332,3
204,Tre Mann,Cha,PG,24.5,3.7,8.7,1.1,1.4,1.3,3.5,3.4,1.1,0.1,1.5,9.9,3.8,0.9,1526.0,21.8,['PG'],21.700000000000003,2.6000000000000014,0.2094405024242707,3
205,Cam Whitmore,Hou,SF,21.3,5.2,11.3,1.9,2.7,1.9,4.4,0.8,0.7,0.4,1.1,14.3,4.1,0.4,1523.0,22.7,['SF'],22.7,0.49999999999999645,0.045150382466234575,3
206,Cody Williams,Utah,SG,23.8,4.5,9.3,1.9,2.2,1.3,2.7,2.1,0.4,0.8,1.6,12.1,1.6,0.0,1484.0,21.2,['SG'],21.299999999999997,-2.200000000000003,-0.20348446472586518,3
207,Dorian Finney-Smith,Bkn,"PF, SF",29.3,3.2,7.6,0.6,0.8,1.8,4.7,1.6,0.9,0.5,0.9,8.8,1.2,0.0,1481.0,20.9,"['PF', 'SF']",20.9,0.0,0.0,3
208,De'Andre Hunter,Atl,"SF, PF",27.3,4.9,10.6,2.5,3.0,1.7,3.6,1.3,0.6,0.3,1.3,13.9,2.9,0.2,1478.0,21.4,"['SF', 'PF']",21.5,0.6000000000000014,0.052740089745358446,3
209,Caleb Martin,Phi,"SG, SF",28.3,3.8,8.6,1.3,1.6,1.3,4.6,2.1,0.8,0.5,1.2,10.1,1.9,0.2,1473.0,21.7,"['SG', 'SF']",21.7,-0.5000000000000036,-0.04515038246623521,3
210,Reggie Jackson,Phi,PG,22.1,4.0,9.4,1.0,1.2,1.3,2.0,3.6,0.5,0.1,1.4,10.2,1.1,-0.1,1472.0,18.6,['PG'],18.7,-0.40000000000000213,-0.03222161575758026,3
211,Luke Kennard,Mem,SG,25.1,3.6,7.8,0.9,1.0,2.6,2.9,2.8,0.5,0.1,1.2,10.7,1.0,-0.1,1471.0,21.0,['SG'],21.1,-2.3999999999999986,-0.22198305242821614,3
212,Tari Eason,Hou,SF,20.6,3.6,7.9,1.1,1.6,0.7,6.1,1.1,1.2,0.7,1.1,9.1,2.1,0.0,1455.0,22.4,['SF'],22.299999999999997,0.09999999999999432,0.009030076493246466,3
213,Moritz Wagner,Orl,C,17.8,4.0,6.9,2.1,2.6,0.6,4.3,1.3,0.5,0.3,1.2,10.7,1.5,0.1,1445.0,19.5,['C'],19.599999999999998,-1.1000000000000014,-0.08843079379857244,3
214,Peyton Watson,Den,SF,20.5,2.9,6.2,1.0,1.5,0.6,3.6,1.2,0.6,1.2,0.8,7.4,0.8,0.1,1434.0,18.6,['SF'],18.7,-3.5000000000000036,-0.3160526772636446,3
215,Zach Collins,SA,"C, PF",20.2,3.9,7.9,1.6,2.1,0.7,5.2,2.5,0.5,0.7,1.8,10.2,1.6,0.2,1431.0,21.7,"['C', 'PF']",21.700000000000003,1.0000000000000036,0.08039163072597513,3
216,Kevon Looney,GS,C,18.3,2.2,3.6,0.8,1.3,0.0,6.6,2.0,0.5,0.5,0.7,5.2,2.1,-0.5,1419.0,18.7,['C'],18.7,-2.0,-0.16078326145194968,3
217,Dalton Knecht,LAL,SG,21.6,3.9,9.2,2.0,2.4,1.6,3.8,1.6,1.0,0.5,1.9,11.3,19.4,13.9,1418.0,20.3,['SG'],20.3,-3.1999999999999993,-0.2959774032376216,3
218,Josh Richardson,Mia,"SG, SF",25.0,3.6,8.2,1.2,1.3,1.6,2.8,2.4,0.7,0.3,1.0,10.0,0.5,0.0,1407.0,20.1,"['SG', 'SF']",20.1,-2.1000000000000014,-0.18963160635818668,3
219,Precious Achiuwa,NY,"PF, C",17.8,2.6,5.4,0.8,1.3,0.3,5.3,1.0,0.5,0.7,0.9,6.5,2.5,-0.7,1156.0,16.5,"['PF', 'C']",16.4,-4.300000000000001,-0.34568401212169186,2
220,Kevin Love,Mia,"PF, C",18.2,3.0,7.1,1.5,1.9,1.7,6.3,2.1,0.3,0.2,1.0,9.3,1.8,-0.4,1390.0,20.1,"['PF', 'C']",20.0,-0.6999999999999993,-0.056274141508182336,3
221,Marvin Bagley III,Wsh,"PF, C",22.6,4.8,8.8,1.8,2.4,0.3,6.5,0.9,0.4,0.6,1.0,11.6,1.6,0.2,1388.0,22.4,"['PF', 'C']",22.4,1.6999999999999993,0.13666577223415718,3
222,Dillon Brooks,Hou,"SF, SG",27.5,4.4,10.4,1.6,1.9,1.7,3.0,1.7,0.8,0.1,1.1,12.0,3.1,0.0,1384.0,19.5,"['SF', 'SG']",19.6,-2.6000000000000014,-0.23478198882442158,3
223,Gradey Dick,Tor,"SG, SF",29.1,4.4,10.2,1.0,1.2,2.1,3.0,1.6,0.8,0.0,1.1,12.0,6.5,2.9,1384.0,19.8,"['SG', 'SF']",19.700000000000003,-2.5,-0.22575191233117448,3
224,Isaac Okoro,Cle,"SF, SG",26.4,3.1,6.4,1.3,1.9,1.1,2.9,1.7,0.8,0.5,0.7,8.7,0.9,0.1,1383.0,19.2,"['SF', 'SG']",19.1,-3.1000000000000014,-0.27993237129065646,3
225,Christian Braun,Den,SG,22.0,2.9,6.2,1.1,1.6,0.8,3.9,1.6,0.6,0.4,0.7,7.7,1.9,0.4,1382.0,17.3,['SG'],17.3,-6.199999999999999,-0.573456218772892,2
226,Saddiq Bey,Wsh,"SF, PF",27.0,4.2,10.3,2.3,2.7,1.8,4.8,1.7,0.8,0.2,0.9,12.6,0.9,-0.1,1376.0,22.6,"['SF', 'PF']",22.5,1.6000000000000014,0.14064023932095565,3
227,Nickeil Alexander-Walker,Min,SG,22.1,2.9,6.7,0.7,0.9,1.5,2.1,2.4,0.7,0.5,1.0,8.0,1.2,0.2,1373.0,18.1,['SG'],18.099999999999998,-5.400000000000002,-0.4994618679634868,3
228,Dyson Daniels,Atl,"SG, PG",21.6,2.2,4.9,0.5,0.8,0.6,3.8,2.6,1.3,0.4,1.0,5.5,3.3,1.0,1355.0,19.1,"['SG', 'PG']",19.1,0.0,0.0,3
229,Bones Hyland,LAC,PG,20.4,3.8,9.7,1.2,1.4,1.9,2.4,3.3,0.8,0.2,1.6,10.7,1.1,0.2,1341.0,20.0,['PG'],20.1,1.0,0.08055403939395023,3
230,Kris Dunn,LAC,PG,19.7,2.5,5.2,0.5,0.7,0.6,3.0,4.1,1.1,0.4,1.3,6.1,0.4,0.0,1340.0,20.9,['PG'],20.9,1.7999999999999972,0.14499727090911016,3
231,Eric Gordon,Phi,"SG, SF",25.8,3.8,8.5,1.0,1.3,2.0,1.7,2.0,0.8,0.4,1.1,10.6,0.9,-0.1,1338.0,19.7,"['SG', 'SF']",19.699999999999996,-2.500000000000007,-0.22575191233117511,3
232,Cason Wallace,OKC,SG,20.7,2.6,5.4,0.4,0.5,1.2,2.3,1.5,0.9,0.5,0.5,6.8,1.0,0.0,1337.0,17.6,['SG'],17.599999999999998,-5.900000000000002,-0.5457083372193652,2
233,Cody Martin,Cha,SG,26.4,2.9,7.1,0.8,1.3,0.9,3.9,3.3,1.1,0.6,1.3,7.4,0.4,0.0,1335.0,21.2,['SG'],21.2,-2.3000000000000007,-0.21273375857704066,3
234,Miles McBride,NY,PG,22.8,3.4,7.7,0.8,0.9,1.8,1.7,2.0,0.9,0.1,0.5,9.5,2.1,0.5,1331.0,19.0,['PG'],19.0,-0.10000000000000142,-0.008055403939395137,3
235,Daniel Theis,NO,C,21.4,3.3,6.3,0.8,1.1,0.6,5.1,1.3,0.4,1.0,0.9,8.0,0.7,0.0,1330.0,20.2,['C'],20.099999999999998,-0.6000000000000014,-0.048234978435585024,3
236,Georges Niang,Cle,PF,21.8,3.3,7.4,0.6,0.7,1.9,3.1,1.2,0.4,0.2,0.8,9.1,0.6,0.0,1325.0,16.4,['PF'],16.4,-4.5,-0.3955506730901874,2
237,Bub Carrington,Wsh,PG,21.7,3.7,8.7,1.4,1.8,0.4,5.3,2.1,0.8,0.4,1.6,9.1,1.3,0.2,1322.0,18.9,['PG'],18.9,-0.20000000000000284,-0.016110807878790274,3
238,Drew Eubanks,Utah,C,17.6,2.6,4.2,1.1,1.5,0.1,4.9,1.1,0.4,0.9,0.9,6.3,0.3,0.0,1310.0,17.5,['C'],17.5,-3.1999999999999993,-0.2572532183231194,2
239,Matisse Thybulle,Por,"SF, SG",22.8,2.0,4.8,0.4,0.5,1.1,2.2,1.3,1.7,0.8,0.6,5.5,0.7,-0.1,1306.0,19.2,"['SF', 'SG']",19.3,-2.900000000000002,-0.2618722183041626,3
240,Christian Wood,LAL,PF,19.9,3.4,6.9,1.8,2.5,0.9,5.8,1.2,0.4,0.8,1.2,9.4,0.7,-0.2,1303.0,20.0,['PF'],20.099999999999998,-0.8000000000000007,-0.07032011966047783,3
241,Kyle Lowry,Phi,PG,25.4,2.5,5.8,1.0,1.2,1.5,3.0,3.9,0.9,0.3,1.3,7.5,1.4,-0.2,1302.0,21.0,['PG'],21.0,1.8999999999999986,0.1530526748485053,3
242,Toumani Camara,Por,PF,23.3,3.1,6.8,1.5,1.9,1.0,4.6,1.2,0.9,0.4,1.1,8.6,0.7,0.2,1301.0,18.6,['PF'],18.6,-2.299999999999997,-0.2021703440238733,3
243,Yves Missi,NO,C,21.9,3.3,6.9,1.5,2.3,0.0,5.3,1.1,0.3,1.5,1.4,8.2,1.1,0.2,1297.0,19.1,['C'],19.0,-1.6999999999999993,-0.13666577223415718,3
244,Rudy Gay,GS,PF,18.0,2.7,6.5,1.0,1.3,1.1,4.1,1.0,0.4,0.3,0.8,7.5,0.6,0.0,796.0,14.5,['PF'],14.5,-6.399999999999999,-0.5625609572838219,2
245,Mason Plumlee,Phx,C,19.2,2.7,4.3,1.7,2.7,0.0,6.5,2.0,0.5,0.5,1.1,7.1,0.7,-0.1,1285.0,19.5,['C'],19.5,-1.1999999999999993,-0.09646995687116976,3
246,Marcus Sasser,Det,PG,19.0,3.1,7.2,0.8,0.9,1.3,1.8,3.3,0.6,0.2,1.3,8.3,0.5,0.0,1285.0,17.6,['PG'],17.5,-1.6000000000000014,-0.12888646303032048,2
247,Monte Morris,Phx,PG,20.8,3.0,6.7,0.7,0.9,1.1,2.4,3.4,0.6,0.2,0.6,7.9,0.4,-0.1,1275.0,19.3,['PG'],19.3,0.1999999999999993,0.016110807878789987,3
248,Cameron Payne,NY,"PG, SG",18.9,3.2,7.4,0.8,1.0,1.4,1.8,3.3,0.6,0.2,1.1,8.6,0.8,0.0,1270.0,18.1,"['PG', 'SG']",18.200000000000003,-0.8999999999999986,-0.07249863545455508,3
249,Alec Burks,Mia,SG,20.2,3.3,8.7,2.4,2.8,1.9,2.7,1.7,0.6,0.2,0.8,10.9,0.4,-0.1,1264.0,18.1,['SG'],18.0,-5.5,-0.5087111618146622,3
250,Isaiah Collier,Utah,PG,17.9,3.1,7.2,1.4,1.9,0.7,2.3,3.4,1.0,0.3,1.9,8.3,0.5,-0.1,1264.0,18.1,['PG'],18.0,-1.1000000000000014,-0.08860944333334536,3
251,Ben Simmons,Bkn,"PG, PF",25.2,3.0,5.3,0.5,1.2,0.0,7.0,5.9,1.1,0.6,2.1,6.6,20.5,5.4,1262.0,28.0,"['PG', 'PF']",28.0,8.899999999999999,0.7169309506061569,4
252,Taurean Prince,Mil,SF,24.5,3.1,6.9,0.8,1.0,1.7,2.7,1.4,0.7,0.4,0.9,8.6,0.5,0.0,1249.0,17.3,['SF'],17.5,-4.700000000000003,-0.4244135951826083,2
253,Isaiah Jackson,Ind,"PF, C",13.5,2.6,4.1,1.3,1.8,0.0,4.1,0.8,0.6,1.1,0.7,6.5,0.5,-0.1,1240.0,18.2,"['PF', 'C']",18.200000000000003,-2.4999999999999964,-0.20097907681493682,3
254,Nicolas Batum,LAC,PF,24.0,1.9,4.3,0.3,0.4,1.3,4.0,1.9,0.8,0.6,0.6,5.4,0.5,-0.1,1239.0,18.2,['PF'],18.3,-2.599999999999998,-0.22854038889655254,3
255,Guerschon Yabusele,Phi,PF,19.6,2.9,6.2,1.4,1.9,0.5,4.9,1.3,0.6,0.7,1.1,7.6,0.9,0.2,1236.0,17.7,['PF'],17.700000000000003,-3.1999999999999957,-0.28128047864191064,2
256,John Konchar,Mem,"SG, SF",20.8,1.7,3.9,0.4,0.5,0.7,4.6,1.8,0.9,0.7,0.7,4.5,0.3,-0.1,1227.0,17.8,"['SG', 'SF']",17.799999999999997,-4.400000000000006,-0.3973233657028676,3
257,Kyle Filipowski,Utah,PF,15.2,2.8,6.3,1.9,2.6,1.2,4.2,1.6,0.7,0.5,1.0,8.8,0.8,-0.1,1226.0,18.9,['PF'],18.8,-2.099999999999998,-0.18459031410875393,3
258,Ja'Kobe Walter,Tor,SG,21.2,3.3,7.7,0.9,1.1,1.4,3.4,1.7,0.7,0.3,0.9,8.9,0.3,-0.1,1224.0,18.0,['SG'],18.0,-5.5,-0.5087111618146622,3
259,Simone Fontecchio,Det,SF,22.3,3.4,7.7,0.8,1.0,1.8,3.2,1.3,0.6,0.3,1.0,9.4,0.7,0.2,1215.0,17.6,['SF'],17.5,-4.700000000000003,-0.4244135951826083,2
260,Jarred Vanderbilt,LAL,PF,21.8,2.5,4.6,1.0,1.5,0.3,5.9,1.6,1.2,0.2,1.1,6.2,9.8,-8.0,1208.0,18.9,['PF'],18.900000000000002,-1.9999999999999964,-0.17580029915119408,3
261,Delon Wright,Mil,"PG, SG",18.0,1.8,4.3,0.8,1.0,0.6,2.3,2.8,1.3,0.3,0.5,5.0,0.3,-0.1,1196.0,18.1,"['PG', 'SG']",18.0,-1.1000000000000014,-0.08860944333334536,3
262,Jonathan Isaac,Orl,PF,15.6,2.5,4.9,1.0,1.4,0.7,4.5,0.5,0.8,1.2,0.5,6.7,2.2,0.0,1193.0,19.6,['PF'],19.599999999999998,-1.3000000000000007,-0.11427019444827642,3
263,Jose Alvarado,NO,PG,18.8,2.7,6.5,0.7,1.0,1.3,2.3,2.4,1.1,0.2,0.9,7.4,0.6,-0.1,1191.0,17.8,['PG'],17.8,-1.3000000000000007,-0.10472025121213535,3
264,Danilo Gallinari,FA,"PF, SF",17.5,2.5,5.8,1.8,2.1,1.0,3.1,1.3,0.3,0.1,0.5,7.9,0.1,0.0,,14.1,"['PF', 'SF']",14.100000000000001,-6.799999999999997,-0.5977210171140607,2
265,Isaiah Joe,OKC,SG,18.1,2.7,6.1,0.7,0.8,1.9,2.2,1.2,0.6,0.2,0.6,8.0,0.4,0.0,1181.0,15.7,['SG'],15.700000000000003,-7.799999999999997,-0.7214449203917026,2
266,Lonnie Walker IV,FA,SG,19.2,3.8,8.9,1.0,1.3,1.8,2.2,1.4,0.6,0.3,0.9,10.4,0.5,-0.1,,17.3,['SG'],17.4,-6.100000000000001,-0.5642069249217165,2
267,Larry Nance Jr.,Atl,"PF, C",17.8,2.1,3.7,0.7,0.9,0.4,4.5,1.6,0.8,0.3,0.7,5.3,0.5,0.0,1167.0,16.7,"['PF', 'C']",16.7,-4.0,-0.32156652290389937,2
268,Goga Bitadze,Orl,C,14.9,2.0,3.5,0.9,1.4,0.1,4.4,1.2,0.5,1.1,0.7,5.1,0.2,0.0,1162.0,17.1,['C'],17.0,-3.6999999999999993,-0.29744903368610687,2
269,Trey Lyles,Sac,PF,19.1,2.8,6.2,1.6,2.0,1.2,4.5,1.1,0.3,0.4,0.8,8.4,0.1,0.0,1161.0,16.6,['PF'],16.5,-4.399999999999999,-0.38676065813262755,2
270,Malik Beasley,Det,SG,23.7,3.5,8.2,0.4,0.5,2.4,3.0,1.2,0.6,0.1,0.6,9.7,1.0,-0.2,1403.0,17.8,['SG'],17.8,-5.699999999999999,-0.5272097495170136,3
271,Pat Connaughton,Mil,"SG, SF",22.6,2.2,5.2,0.6,0.8,1.3,3.5,1.9,0.6,0.2,0.6,6.3,0.3,0.0,1148.0,15.9,"['SG', 'SF']",15.900000000000002,-6.300000000000001,-0.5688948190745597,2
272,Davion Mitchell,Tor,PG,22.1,3.0,6.8,0.6,0.8,1.1,1.8,2.8,0.4,0.1,0.9,7.7,0.7,0.0,1143.0,15.4,['PG'],15.4,-3.700000000000001,-0.2980499457576159,2
273,Torrey Craig,Chi,"PF, SF",21.2,2.3,5.3,0.4,0.6,1.2,4.4,1.2,0.6,0.5,0.7,6.3,0.2,0.0,1141.0,16.5,"['PF', 'SF']",16.4,-4.5,-0.3955506730901874,2
274,Xavier Tillman,Bos,"PF, C",17.9,2.4,5.0,0.6,1.1,0.3,4.1,1.4,0.9,0.7,0.7,5.6,0.8,0.1,1138.0,17.0,"['PF', 'C']",17.099999999999998,-3.6000000000000014,-0.28940987061350953,2
275,Josh Green,Cha,"SG, SF",25.0,3.1,6.2,0.8,1.1,1.1,3.1,2.0,0.8,0.1,1.0,8.0,0.4,0.0,1135.0,17.5,"['SG', 'SF']",17.5,-4.700000000000003,-0.4244135951826083,2
276,Malaki Branham,SA,SG,22.8,3.9,9.0,0.8,0.9,1.3,2.3,2.1,0.4,0.1,1.3,9.8,0.7,-0.4,1129.0,15.7,['SG'],15.700000000000001,-7.799999999999999,-0.7214449203917028,2
277,Mo Bamba,LAC,C,15.0,2.1,4.4,0.7,1.0,0.7,4.7,0.8,0.4,1.1,0.7,5.6,0.7,-0.1,1127.0,16.8,['C'],16.7,-4.0,-0.32156652290389937,2
278,Dalano Banton,Por,PG,17.0,3.2,7.9,1.4,1.8,0.9,2.9,2.1,0.6,0.3,1.2,8.7,0.4,-0.1,1120.0,16.0,['PG'],15.999999999999998,-3.100000000000003,-0.24971752212124596,2
279,Vasilije Micic,Cha,"PG, SG",26.8,3.6,8.4,1.4,1.7,1.0,2.0,6.0,0.7,0.2,2.3,9.6,1.3,-0.5,1105.0,22.1,"['PG', 'SG']",22.1,3.0,0.24166211818185065,3
280,Nikola Jovic,Mia,PF,18.8,2.6,5.9,0.8,1.1,1.3,3.9,1.8,0.5,0.3,0.9,7.4,1.4,0.1,1103.0,16.7,['PF'],16.599999999999998,-4.300000000000001,-0.377970643175068,2
281,Luke Kornet,Bos,C,14.5,2.1,3.0,0.7,0.8,0.0,3.8,1.0,0.3,0.9,0.3,4.9,1.0,0.4,1102.0,16.0,['C'],16.0,-4.699999999999999,-0.3778406644120817,2
282,Moses Moody,GS,"SG, SF",18.5,3.0,6.4,1.1,1.4,1.2,3.0,0.9,0.6,0.3,0.7,8.2,1.1,0.4,1086.0,15.5,"['SG', 'SF']",15.699999999999998,-6.500000000000005,-0.5869549720610541,2
283,Dario Saric,Den,PF,16.3,2.6,5.7,1.2,1.4,1.1,4.2,2.0,0.4,0.1,1.1,7.5,0.3,0.0,1085.0,16.0,['PF'],15.900000000000002,-4.9999999999999964,-0.43950074787798565,2
284,Jaylen Nowell,FA,SG,17.6,3.7,8.0,1.1,1.4,1.0,2.3,2.0,0.5,0.1,0.8,9.3,0.1,0.0,,16.4,['SG'],16.5,-7.0,-0.6474505695822975,2
285,James Wiseman,Ind,C,17.8,3.3,5.5,1.2,1.7,0.0,5.5,0.8,0.2,0.6,1.1,7.8,0.6,0.0,1084.0,16.4,['C'],16.5,-4.199999999999999,-0.3376448490490943,2
286,Julian Champagnie,SA,SF,19.8,2.3,5.6,1.0,1.2,1.4,2.9,1.3,0.6,0.5,0.8,7.0,0.2,0.0,1075.0,15.6,['SF'],15.5,-6.700000000000003,-0.6050151250475478,2
287,Jaden Hardy,Dal,SG,16.5,3.3,8.0,1.0,1.3,1.3,2.2,1.8,0.4,0.1,1.0,8.9,0.3,0.0,1053.0,14.2,['SG'],14.3,-9.2,-0.8509350343081623,2
288,Jared Butler,FA,SG,14.2,2.5,5.1,0.8,0.9,0.6,1.5,3.1,0.7,0.2,1.3,6.3,0.3,0.0,,15.4,['SG'],15.400000000000002,-8.099999999999998,-0.7491928019452297,2
289,Gary Harris,Orl,SG,23.8,2.6,5.9,0.6,0.8,1.5,1.7,1.5,0.9,0.2,0.6,7.3,0.1,0.0,1046.0,15.8,['SG'],15.8,-7.699999999999999,-0.7121956265405271,2
290,Dante Exum,Dal,SG,19.8,2.9,5.5,0.9,1.2,1.0,2.7,2.9,0.4,0.1,0.9,7.8,0.1,0.0,1037.0,17.6,['SG'],17.5,-6.0,-0.5549576310705406,2
292,Kenrich Williams,OKC,SF,16.8,2.3,4.7,0.2,0.4,0.9,3.5,1.5,0.6,0.2,0.5,5.6,0.2,-0.1,1032.0,14.7,['SF'],14.9,-7.3000000000000025,-0.6591955840070297,2
293,Quentin Grimes,Dal,SG,22.5,2.8,6.9,0.8,1.0,1.7,2.3,1.5,0.7,0.2,0.7,8.1,0.3,0.0,1030.0,15.8,['SG'],15.799999999999999,-7.700000000000001,-0.7121956265405274,2
294,Jaxson Hayes,LAL,C,16.6,2.4,3.5,1.1,1.7,0.0,3.9,0.6,0.6,0.6,0.8,5.9,0.3,0.0,1030.0,14.9,['C'],14.9,-5.799999999999999,-0.466271458210654,2
295,Jake LaRavia,Mem,PF,19.7,2.7,6.9,1.9,2.3,1.3,3.1,1.3,0.7,0.3,1.1,8.5,0.2,0.0,1028.0,15.3,['PF'],15.399999999999999,-5.5,-0.4834508226657846,2
296,Kris Murray,Por,PF,22.3,2.4,6.1,0.6,0.9,0.8,3.7,1.3,0.9,0.3,0.9,6.1,0.4,0.0,1019.0,14.6,['PF'],14.599999999999998,-6.300000000000001,-0.5537709423262624,2
297,Joe Ingles,Min,SF,18.5,1.7,3.9,0.4,0.5,1.2,2.2,3.1,0.6,0.1,1.0,5.0,0.3,0.0,1018.0,14.8,['SF'],14.8,-7.400000000000002,-0.6682256605002767,2
298,Jared McCain,Phi,SG,16.7,2.2,5.1,1.0,1.1,1.0,3.4,1.7,0.7,0.3,1.3,6.2,5.4,-0.7,1014.0,14.5,['SG'],14.600000000000001,-8.899999999999999,-0.8231871527546353,2
300,Chris Boucher,Tor,"PF, C",15.5,2.5,4.9,1.5,1.9,0.7,4.5,0.4,0.4,0.6,0.6,7.0,0.3,-0.1,1013.0,15.3,"['PF', 'C']",15.5,-5.199999999999999,-0.41803647977506914,2
301,Sam Merrill,Cle,SG,17.3,2.6,6.4,0.5,0.5,2.3,2.0,1.7,0.3,0.1,0.3,7.9,0.1,0.0,1011.0,15.3,['SG'],15.4,-8.1,-0.7491928019452299,2
302,Gary Payton II,GS,SG,16.1,2.4,4.2,0.4,0.6,0.5,2.8,1.1,1.0,0.4,0.6,5.7,0.4,0.0,993.0,16.0,['SG'],16.0,-7.5,-0.6936970388381759,2
303,Dean Wade,Cle,PF,20.4,1.8,4.2,0.4,0.5,1.3,3.8,0.8,0.7,0.4,0.4,5.2,0.2,0.0,992.0,14.8,['PF'],14.8,-6.099999999999998,-0.5361909124111427,2
305,Jae'Sean Tate,Hou,SF,17.9,2.3,4.7,0.7,1.0,0.4,3.4,1.4,0.7,0.3,0.8,5.6,0.1,0.0,980.0,14.2,['SF'],14.2,-8.000000000000004,-0.7224061194597586,2
306,Thomas Bryant,Mia,C,13.9,2.8,4.7,1.2,1.5,0.2,4.3,0.6,0.3,0.5,0.6,7.0,0.2,0.0,978.0,15.3,['C'],15.3,-5.399999999999999,-0.434114805920264,2
307,Bol Bol,Phx,"PF, C",14.3,2.7,4.6,0.6,0.8,0.5,4.0,0.6,0.3,0.8,0.8,6.5,1.8,-0.1,978.0,15.5,"['PF', 'C']",15.600000000000001,-5.099999999999998,-0.4099973167024715,2
308,Devonte' Graham,FA,PG,18.4,2.3,6.4,1.0,1.3,1.6,1.8,2.7,0.6,0.2,0.9,7.3,0.1,0.0,,15.4,['PG'],15.399999999999999,-3.700000000000003,-0.29804994575761606,2
309,Gabe Vincent,LAL,PG,23.1,2.6,6.7,0.6,0.7,1.2,1.6,2.3,0.9,0.1,1.0,6.9,0.3,0.0,971.0,14.5,['PG'],14.700000000000001,-4.4,-0.354437773333381,2
310,Maxi Kleber,Dal,PF,21.7,1.7,4.0,0.8,1.1,0.9,3.7,1.5,0.4,0.8,0.7,5.1,0.1,0.0,956.0,15.2,['PF'],15.2,-5.699999999999999,-0.501030852580904,2
311,Aaron Holiday,Hou,PG,15.8,2.2,5.0,0.7,0.8,1.0,1.5,1.8,0.6,0.1,0.7,6.1,0.1,0.0,956.0,12.9,['PG'],12.9,-6.200000000000001,-0.49943504424249147,1
312,Ochai Agbaji,Tor,"SF, SG",20.9,2.4,5.8,0.6,0.8,0.9,2.6,1.1,0.5,0.5,0.8,6.3,0.2,0.0,955.0,13.3,"['SF', 'SG']",13.2,-9.000000000000004,-0.8127068843922284,1
313,KJ Martin,Phi,SF,17.3,2.7,4.9,0.8,1.3,0.4,3.2,1.1,0.4,0.3,0.7,6.6,0.3,-0.2,953.0,13.8,['SF'],13.799999999999999,-8.400000000000004,-0.7585264254327466,1
314,Tristan Vukcevic,Wsh,PF,15.6,2.9,6.9,1.7,2.3,1.0,3.7,1.3,0.5,0.7,1.0,8.7,0.1,0.0,953.0,17.3,['PF'],17.099999999999998,-3.8000000000000007,-0.3340205683872694,2
315,GG Jackson II,Mem,PF,25.7,5.1,11.7,2.5,3.2,2.2,4.1,1.2,0.6,0.5,1.4,15.0,1.9,-0.1,953.0,23.2,['PF'],23.1,2.200000000000003,0.19338032906631408,3
316,Mouhamed Gueye,Atl,PF,12.2,1.3,3.8,0.8,1.0,0.5,3.7,0.7,0.8,0.7,0.2,4.0,0.1,0.0,944.0,13.9,['PF'],13.8,-7.099999999999998,-0.6240910619867399,2
317,Keon Ellis,Sac,SG,15.7,1.7,3.7,0.4,0.6,1.1,2.0,1.4,0.8,0.5,0.6,5.0,0.9,0.2,942.0,14.5,['SG'],14.4,-9.1,-0.8416857404569866,2
318,Noah Clowney,Bkn,PF,16.1,2.1,4.0,0.9,1.3,0.5,3.5,0.8,0.3,0.7,0.7,5.7,1.3,0.1,940.0,13.8,['PF'],13.7,-7.199999999999999,-0.6328810769442997,1
319,Jaylin Williams,OKC,C,13.9,1.5,3.5,0.5,0.7,0.8,3.6,1.6,0.4,0.4,0.5,4.3,0.4,0.1,934.0,13.3,['C'],13.399999999999999,-7.300000000000001,-0.5868589042996164,1
320,Dwight Powell,Dal,C,15.7,1.7,2.5,1.2,1.7,0.0,3.8,1.2,0.5,0.3,0.6,4.7,0.2,-0.1,930.0,13.5,['C'],13.3,-7.399999999999999,-0.5948980673722137,1
321,Richaun Holmes,Wsh,"C, PF",15.5,2.6,4.2,0.9,1.2,0.0,4.6,0.6,0.2,0.6,0.7,6.1,0.1,0.0,924.0,14.4,"['C', 'PF']",14.399999999999999,-6.300000000000001,-0.5064672735736416,2
322,Jevon Carter,Chi,PG,15.8,2.1,5.4,0.1,0.2,1.2,1.3,1.6,0.6,0.3,0.6,5.6,0.1,0.0,923.0,12.5,['PG'],12.399999999999999,-6.700000000000003,-0.5397120639394667,1
323,Seth Curry,Cha,"SG, PG",17.9,2.7,6.2,0.8,0.9,1.2,1.8,1.5,0.6,0.1,0.7,7.5,1.5,-0.1,913.0,14.0,"['SG', 'PG']",14.0,-5.100000000000001,-0.4108256009091462,2
325,Ziaire Williams,Bkn,SF,19.8,2.8,7.0,1.1,1.3,1.1,3.1,1.3,0.6,0.2,1.2,7.8,0.2,0.0,904.0,13.9,['SF'],13.8,-8.400000000000002,-0.7585264254327464,2
326,Charles Bassey,SA,C,11.4,1.9,2.8,0.5,0.7,0.0,4.3,1.0,0.4,0.9,0.8,4.2,0.2,0.0,902.0,14.8,['C'],14.899999999999999,-5.800000000000001,-0.46627145821065413,2
328,Amir Coffey,LAC,SG,19.8,2.3,4.9,0.9,1.1,0.9,2.0,1.2,0.5,0.2,0.5,6.4,0.6,0.0,898.0,13.0,['SG'],13.0,-10.5,-0.9711758543734462,1
329,Jordan Hawkins,NO,SG,17.3,2.8,6.8,1.0,1.2,1.6,2.2,1.0,0.3,0.1,0.6,8.2,0.7,0.3,898.0,13.0,['SG'],13.0,-10.5,-0.9711758543734462,1
330,Patty Mills,Utah,"PG, SG",21.2,2.9,7.2,0.5,0.6,1.9,1.5,1.7,0.6,0.1,0.8,8.2,0.1,0.0,894.0,14.7,"['PG', 'SG']",14.7,-4.400000000000002,-0.35443777333338117,2
331,Jeff Green,Hou,PF,18.0,2.4,5.1,1.6,2.0,0.6,2.4,1.0,0.2,0.4,0.7,7.1,0.1,0.0,882.0,12.4,['PF'],12.4,-8.499999999999998,-0.747151271392576,1
332,Damion Lee,Phx,SF,20.3,2.7,6.1,1.2,1.3,1.3,3.1,1.2,0.5,0.1,0.9,7.9,0.1,0.0,882.0,14.5,['SF'],14.5,-7.700000000000003,-0.6953158899800176,2
333,Josh Okogie,Phx,"SF, SG",16.2,1.6,3.9,1.4,1.9,0.6,2.7,1.1,0.8,0.4,0.7,5.2,0.1,0.0,846.0,12.8,"['SF', 'SG']",12.900000000000002,-9.3,-0.8397971138719691,1
335,Shake Milton,Bkn,SG,15.5,2.2,5.1,1.0,1.2,0.5,1.9,1.9,0.4,0.2,0.8,5.9,0.1,0.0,836.0,12.1,['SG'],12.0,-11.5,-1.0636687928852029,1
336,Ricky Council IV,Phi,SG,16.2,2.7,5.4,2.7,3.5,0.5,2.6,1.0,0.5,0.1,1.5,8.5,0.1,0.0,830.0,12.2,['SG'],12.200000000000001,-11.299999999999999,-1.0451702051828515,1
337,Jordan McLaughlin,Sac,PG,12.1,1.3,2.8,0.3,0.4,0.7,1.3,2.2,0.7,0.1,0.4,3.6,0.1,0.0,827.0,12.2,['PG'],12.1,-7.000000000000002,-0.5638782757576517,1
338,Terrence Shannon Jr.,Min,SG,11.1,2.2,4.8,1.1,1.4,0.6,2.7,0.4,0.6,0.4,0.9,6.0,0.8,-0.1,800.0,11.6,['SG'],11.600000000000001,-11.899999999999999,-1.1006659682899056,1
339,Julian Strawther,Den,SF,13.9,2.5,5.6,0.6,0.8,1.3,1.5,1.2,0.4,0.2,0.6,6.8,0.8,0.5,758.0,12.2,['SF'],12.399999999999999,-9.800000000000004,-0.8849474963382044,1
340,Anthony Black,Orl,"PG, SG",16.8,1.7,3.6,0.7,1.2,0.6,2.0,1.3,0.5,0.3,0.8,4.6,0.8,-0.1,746.0,10.7,"['PG', 'SG']",10.7,-8.400000000000002,-0.676653930909182,1
341,Chris Duarte,Chi,SG,15.0,1.9,4.9,0.7,0.9,0.9,2.1,1.0,0.5,0.2,0.6,5.5,0.1,0.0,741.0,10.9,['SG'],10.799999999999999,-12.700000000000001,-1.1746603190993112,1
342,Garrison Mathews,Atl,"SG, SF",15.8,1.7,3.9,0.7,0.9,1.3,1.5,0.6,0.4,0.1,0.3,5.4,0.1,0.0,732.0,10.2,"['SG', 'SF']",10.100000000000001,-12.100000000000001,-1.0926392556828846,1
343,Jalen Wilson,Bkn,PF,15.5,1.8,4.2,0.9,1.1,0.5,3.1,1.0,0.3,0.1,0.4,5.0,0.2,0.0,722.0,10.6,['PF'],10.600000000000001,-10.299999999999997,-0.9053715406286509,1
344,Kobe Bufkin,Atl,"PG, SG",11.6,2.0,5.4,0.2,0.5,0.5,1.9,1.6,0.4,0.3,0.6,4.8,0.3,0.1,715.0,10.4,"['PG', 'SG']",10.3,-8.8,-0.708875546666762,1
345,P.J. Tucker,LAC,"PF, SF",21.1,1.2,2.8,0.3,0.3,0.6,3.6,0.9,0.6,0.2,0.5,3.3,0.2,0.0,708.0,11.1,"['PF', 'SF']",11.100000000000001,-9.799999999999997,-0.8614214658408523,1
346,Ben Sheppard,Ind,SG,14.3,1.6,4.0,0.5,0.5,0.9,1.6,0.9,0.6,0.0,0.3,4.6,0.2,0.0,706.0,9.9,['SG'],9.9,-13.6,-1.257903963759892,1
347,AJ Griffin,FA,SF,15.1,2.4,5.7,0.4,0.4,1.0,1.6,0.7,0.4,0.1,0.5,6.3,0.1,0.0,,10.5,['SF'],10.399999999999999,-11.800000000000004,-1.065549026203144,1
348,Cam Reddish,LAL,"SF, SG",17.3,1.8,4.5,0.9,1.1,0.7,1.7,0.9,0.8,0.2,0.6,5.2,0.2,0.0,674.0,11.0,"['SF', 'SG']",11.1,-11.100000000000003,-1.002338490750415,1
349,Jalen McDaniels,FA,PF,14.2,1.9,4.7,0.8,1.0,0.4,2.3,1.0,0.5,0.2,0.7,4.9,0.1,-0.1,,9.9,['PF'],9.9,-10.999999999999998,-0.966901645331569,1
350,Jarace Walker,Ind,PF,10.3,1.4,3.3,0.3,0.3,0.6,1.9,1.2,0.5,0.3,0.5,3.6,0.4,-0.1,669.0,10.1,['PF'],10.200000000000001,-10.699999999999998,-0.9405316004588898,1
351,Saben Lee,FA,PG,11.6,1.4,3.6,1.4,1.9,0.2,1.7,2.0,0.6,0.1,0.6,4.4,0.0,0.0,,10.7,['PG'],10.600000000000001,-8.5,-0.6847093348485769,1
352,Rayan Rupert,Por,SG,16.7,1.8,5.1,0.8,1.1,0.8,2.4,1.6,0.3,0.1,0.8,5.3,0.0,0.0,652.0,10.0,['SG'],9.900000000000002,-13.599999999999998,-1.257903963759892,1
354,Alex Len,Sac,C,10.7,1.3,2.4,0.6,1.0,0.0,3.0,1.0,0.2,0.6,0.7,3.4,0.1,0.0,648.0,10.1,['C'],10.0,-10.7,-0.8601904487679308,1
355,Garrett Temple,Tor,SG,13.8,1.4,3.7,0.4,0.6,0.7,1.8,1.0,0.6,0.2,0.5,3.9,0.0,0.0,633.0,9.6,['SG'],9.499999999999998,-14.000000000000002,-1.294901139164595,1
356,Jeremiah Robinson-Earl,NO,"PF, C",12.4,1.6,3.6,0.5,0.6,0.5,2.9,0.7,0.4,0.2,0.5,4.2,0.1,0.0,628.0,10.0,"['PF', 'C']",9.9,-10.799999999999999,-0.8682296118405283,1
357,Nick Smith Jr.,Cha,SG,14.2,2.2,5.7,0.3,0.3,1.3,1.4,1.2,0.2,0.1,0.8,6.0,0.1,0.0,622.0,9.3,['SG'],9.4,-14.1,-1.3041504330157705,1
358,Max Christie,LAL,SG,13.8,1.4,3.4,0.5,0.6,0.6,2.1,0.8,0.3,0.2,0.5,4.0,0.3,0.0,589.0,8.7,['SG'],8.6,-14.9,-1.3781447838251761,1
359,Jalen Hood-Schifino,LAL,SG,11.3,2.0,4.7,1.5,2.1,0.5,1.3,0.8,0.3,0.2,0.9,6.0,0.1,0.0,555.0,8.3,['SG'],8.3,-15.2,-1.405892665378703,1
360,Kira Lewis Jr.,FA,PG,11.1,1.7,4.3,0.6,0.7,0.4,1.3,1.4,0.4,0.1,0.7,4.5,0.0,0.0,,8.6,['PG'],8.6,-10.500000000000002,-0.8458174136364774,1
361,Jericho Sims,NY,C,13.7,1.0,1.4,0.3,0.5,0.0,3.7,0.5,0.2,0.5,0.4,2.3,0.3,0.0,627.0,9.5,['C'],9.4,-11.299999999999999,-0.9084254272035157,1
362,Chuma Okeke,FA,PF,12.8,1.3,3.5,0.2,0.3,0.7,2.4,0.7,0.4,0.2,0.4,3.5,0.1,0.0,,8.6,['PF'],8.6,-12.299999999999999,-1.0811718397798455,1
363,Caleb Houstan,Orl,SF,14.2,1.3,3.5,0.3,0.4,1.2,1.5,0.5,0.3,0.1,0.3,4.2,0.0,0.0,541.0,8.0,['SF'],7.9,-14.300000000000002,-1.2913009385343182,1
364,Markelle Fultz,FA,"PG, SG",24.5,4.5,9.2,1.1,1.5,0.3,3.5,4.1,1.2,0.4,1.7,10.5,0.5,-0.2,,25.0,"['PG', 'SG']",24.9,5.799999999999997,0.46721342848491104,4
365,T.J. Warren,FA,SF,15.8,3.0,6.1,0.6,0.8,0.5,2.8,0.9,0.5,0.3,0.5,7.1,0.1,0.0,,14.2,['SF'],14.1,-8.100000000000003,-0.7314361959530056,2
366,DeAndre Jordan,Den,C,12.1,1.8,2.7,0.6,1.3,0.0,4.7,0.7,0.2,0.5,0.8,4.2,0.1,0.0,504.0,11.7,['C'],11.700000000000003,-8.999999999999996,-0.7235246765337733,1
367,James Johnson,Ind,PF,15.1,1.9,4.0,0.4,0.7,0.3,2.7,1.6,0.4,0.5,0.6,4.4,0.1,0.0,494.0,12.4,['PF'],12.500000000000002,-8.399999999999997,-0.7383612564350162,1
369,Andre Jackson Jr.,Mil,"SG, SF",10.1,0.8,1.8,0.1,0.2,0.3,2.0,0.9,0.3,0.1,0.5,2.1,0.1,0.0,440.0,6.6,"['SG', 'SF']",6.5,-15.700000000000003,-1.417722009439776,1
370,Bronny James,LAL,PG,10.1,1.3,3.2,0.6,0.7,0.7,2.3,1.7,0.7,0.3,1.3,3.8,16.1,-1.1,430.0,10.8,['PG'],10.899999999999999,-8.200000000000003,-0.6605431230303921,1
371,Olivier-Maxence Prosper,Dal,PF,8.4,1.0,2.6,0.7,1.0,0.3,2.0,0.6,0.2,0.1,0.2,3.0,0.1,0.0,418.0,6.4,['PF'],6.3999999999999995,-14.5,-1.2745521688461594,1
373,Kobe Brown,LAC,PF,8.9,0.9,2.0,0.0,0.0,0.4,1.4,0.6,0.3,0.1,0.2,2.1,0.1,0.0,378.0,5.9,['PF'],6.1,-14.799999999999999,-1.3009222137188385,1
374,Dariq Whitehead,Bkn,SF,12.0,0.5,2.5,0.5,1.0,0.0,2.0,1.5,0.0,0.5,0.0,1.5,0.1,0.0,376.0,6.6,['SF'],6.5,-15.700000000000003,-1.417722009439776,1
375,Colby Jones,Sac,SG,6.9,1.0,2.6,0.2,0.4,0.1,1.5,0.7,0.3,0.2,0.4,2.4,0.1,0.0,370.0,5.9,['SG'],5.799999999999999,-17.700000000000003,-1.6371250116580953,1
376,Jordan Walsh,Bos,SF,9.2,0.7,1.7,0.1,0.2,0.2,2.2,0.6,0.6,0.1,0.3,1.7,0.4,0.0,363.0,7.1,['SF'],7.1000000000000005,-15.100000000000001,-1.363541550480294,1
377,PJ Dozier,Min,PG,10.0,1.1,3.3,0.2,0.3,0.4,1.8,1.0,0.5,0.2,0.5,2.8,0.1,0.0,344.0,7.6,['PG'],7.6,-11.500000000000002,-0.9263714530304277,1
378,Jalen Pickett,Den,"SG, PG",6.1,0.8,1.8,0.1,0.2,0.5,0.7,1.1,0.2,0.0,0.5,2.2,0.1,0.0,313.0,5.0,"['SG', 'PG']",5.1000000000000005,-14.0,-1.1277565515153032,1
379,Julian Phillips,Chi,SF,8.0,0.8,1.9,0.3,0.5,0.3,0.9,0.3,0.2,0.2,0.2,2.2,0.1,0.0,291.0,4.7,['SF'],4.700000000000001,-17.5,-1.5802633863182214,1
380,Emoni Bates,Cle,SF,9.0,1.0,3.3,0.1,0.3,0.7,0.9,0.7,0.1,0.1,0.5,2.8,0.2,0.0,252.0,4.0,['SF'],4.1,-18.1,-1.6344438452777033,1
382,Hunter Tyson,Den,SF,6.2,1.1,2.6,0.0,0.0,0.5,1.2,0.3,0.1,0.0,0.3,2.6,0.1,0.0,249.0,4.3,['SF'],4.3,-17.900000000000002,-1.6163836922912094,1
383,Leonard Miller,Min,SF,3.2,0.6,1.2,0.1,0.1,0.1,1.2,0.5,0.1,0.1,0.1,1.3,0.2,0.0,246.0,4.2,['SF'],4.199999999999999,-18.000000000000004,-1.6254137687844565,1
385,Jalen Slawson,FA,SF,3.1,0.3,0.5,0.0,0.0,0.0,0.6,0.2,0.1,0.1,0.2,0.7,0.0,0.0,,2.1,['SF'],2.2,-20.000000000000004,-1.806015298649396,1
386,Edmond Sumner,Cha,SG,13.9,2.4,5.1,1.8,2.0,0.6,1.5,1.3,0.6,0.2,0.9,7.1,0.0,0.0,529.0,12.6,['SG'],12.7,-10.8,-0.9989237359269733,1
388,Jett Howard,Orl,"SF, SG",3.6,0.6,1.7,0.1,0.2,0.4,0.4,0.3,0.1,0.1,0.2,1.6,0.1,0.0,185.0,2.8,"['SF', 'SG']",2.8000000000000003,-19.400000000000002,-1.7518348396899142,1
389,Maxwell Lewis,LAL,SF,8.3,0.7,1.7,0.1,0.2,0.2,0.3,0.5,0.2,0.1,0.8,1.8,0.1,0.0,165.0,2.6,['SF'],2.5,-19.700000000000003,-1.7789250691696552,1
390,Chris Livingston,Mil,SF,4.3,0.5,1.1,0.2,0.2,0.1,1.0,0.2,0.1,0.0,0.2,1.2,0.1,0.0,161.0,2.6,['SF'],2.5999999999999996,-19.6,-1.769894992676408,1
391,Keyontae Johnson,FA,SF,7.4,0.6,1.8,0.0,0.0,0.1,1.1,0.4,0.1,0.0,0.4,1.2,0.0,0.0,,2.1,['SF'],2.1999999999999997,-20.000000000000004,-1.806015298649396,1
392,Aleksej Pokusevski,FA,"PF, C",17.8,2.5,6.0,0.8,1.2,0.9,4.1,1.7,0.6,0.7,1.1,6.7,0.1,0.0,,16.7,"['PF', 'C']",16.7,-4.0,-0.32156652290389937,2
393,Seth Lundy,Atl,SG,5.8,0.4,1.9,0.3,0.4,0.3,0.8,0.0,0.0,0.0,0.1,1.5,0.0,0.0,92.0,1.4,['SG'],1.2000000000000004,-22.3,-2.0625925288121763,1
394,Jordan Miller,LAC,SF,3.5,0.5,1.1,0.2,0.3,0.1,0.6,0.0,0.0,0.0,0.1,1.4,0.1,0.0,88.0,1.7,['SF'],1.6999999999999997,-20.500000000000004,-1.851165681115631,1
396,Brice Sensabaugh,Utah,SF,18.9,2.8,7.1,1.2,1.3,1.2,3.3,1.8,0.4,0.2,1.5,7.9,0.2,0.0,918.0,13.7,['SF'],13.8,-8.400000000000002,-0.7585264254327464,2
398,Raul Neto,Cle,PG,18.2,2.7,5.7,1.1,1.4,0.5,1.8,2.9,0.7,0.0,1.0,6.9,0.0,0.0,991.0,15.0,['PG'],15.200000000000001,-3.9000000000000004,-0.3141607536364059,2
399,John Wall,Hou,PG,22.1,4.0,9.9,2.3,3.3,1.0,2.7,5.2,0.8,0.4,2.3,11.3,0.2,0.0,615.0,22.8,['PG'],22.7,3.599999999999998,0.2899945418182206,3
400,Tristan Thompson,Cle,"C, PF",12.7,1.8,3.2,0.6,1.4,0.0,4.0,0.9,0.3,0.3,0.7,4.2,0.1,0.0,540.0,10.6,"['C', 'PF']",10.600000000000001,-10.099999999999998,-0.8119554703323457,1
401,Kemba Walker,FA,PG,25.0,3.9,9.8,1.6,1.9,1.9,2.9,3.5,0.7,0.2,1.2,11.4,0.1,0.0,,22.2,['PG'],22.1,3.0,0.24166211818185065,3
402,Justin Holiday,FA,"SG, SF",17.7,2.0,4.8,0.2,0.2,1.3,1.5,1.2,0.6,0.3,0.4,5.4,0.2,0.0,,12.5,"['SG', 'SF']",12.600000000000001,-9.600000000000001,-0.8668873433517101,1
403,James Bouknight,FA,SG,13.2,1.9,5.3,0.7,0.9,0.8,1.9,1.1,0.3,0.1,0.8,5.3,0.0,0.0,,8.5,['SG'],8.5,-15.0,-1.3873940776763518,1
405,Thaddeus Young,FA,PF,14.4,2.1,3.8,0.3,0.6,0.1,3.3,1.6,0.9,0.2,0.7,4.7,0.2,-0.1,,14.4,['PF'],14.400000000000002,-6.4999999999999964,-0.5713509722413814,2
406,Terrence Ross,Phx,SG,22.6,3.4,8.5,1.5,1.8,1.3,2.5,1.8,0.5,0.2,1.1,9.7,0.1,0.0,997.0,15.8,['SG'],15.7,-7.800000000000001,-0.7214449203917029,2
407,Blake Griffin,Bos,PF,16.6,2.2,5.2,0.9,1.3,0.6,4.0,1.8,0.5,0.2,0.6,6.1,0.2,0.0,787.0,14.8,['PF'],14.700000000000001,-6.1999999999999975,-0.5449809273687024,2
408,Reggie Bullock Jr.,FA,"SF, SG",21.2,1.8,4.5,0.2,0.3,1.4,2.8,0.9,0.5,0.2,0.4,5.3,0.1,-0.1,,12.4,"['SF', 'SG']",12.3,-9.900000000000002,-0.8939775728314511,1
409,Terence Davis,Mil,SG,16.3,3.3,7.8,1.0,1.2,1.6,2.8,1.2,0.8,0.3,1.0,9.1,0.0,0.0,625.0,16.9,['SG'],16.9,-6.600000000000001,-0.6104533941775949,2
410,Bismack Biyombo,FA,C,17.1,2.0,3.4,0.6,1.4,0.0,4.8,1.1,0.3,1.1,0.9,4.5,0.1,0.0,,15.2,['C'],15.1,-5.6,-0.4501931320654591,2
411,Facundo Campazzo,Dal,PG,17.9,1.6,4.5,0.9,1.2,0.9,1.8,3.3,1.0,0.3,1.0,5.0,0.0,0.0,859.0,15.9,['PG'],15.899999999999999,-3.200000000000003,-0.25777292606064095,2
415,Evan Fournier,FA,"SG, SF",21.6,3.2,8.4,0.8,1.1,1.7,2.1,1.7,0.9,0.2,0.9,9.0,0.1,0.0,,16.7,"['SG', 'SF']",16.5,-5.700000000000003,-0.5147143601150781,2
417,Will Barton,Tor,SF,29.7,5.0,11.6,1.3,1.6,2.0,4.4,3.6,0.7,0.4,1.6,13.4,0.7,0.3,1789.0,26.3,['SF'],26.300000000000004,4.100000000000001,0.37023313622312626,4
418,Robin Lopez,FA,C,10.5,1.8,3.2,0.5,0.8,0.1,1.9,0.8,0.1,0.3,0.8,4.2,0.1,0.0,,7.8,['C'],7.9,-12.799999999999999,-1.029012873292478,1
419,Khem Birch,SA,C,17.2,1.7,3.5,0.9,1.2,0.0,4.1,1.0,0.5,0.5,0.5,4.3,0.0,0.0,625.0,13.0,['C'],13.0,-7.699999999999999,-0.6190155565900063,1
420,JaMychal Green,GS,PF,15.8,2.4,4.8,1.1,1.3,0.5,4.1,0.9,0.6,0.4,0.9,6.4,0.1,-0.1,960.0,14.8,['PF'],14.799999999999999,-6.1,-0.5361909124111429,2
421,Robert Covington,FA,"PF, SF",19.3,2.1,4.8,0.7,0.9,1.1,3.9,1.1,1.2,0.8,0.7,6.0,0.1,-0.1,,19.0,"['PF', 'SF']",19.0,-1.8999999999999986,-0.16701028419363456,3
422,Doug McDermott,Sac,SF,17.3,2.8,6.2,0.4,0.6,1.7,1.5,1.2,0.2,0.1,0.6,7.7,0.1,0.0,770.0,12.4,['SF'],12.5,-9.700000000000003,-0.8759174198449572,1
423,Jae Crowder,FA,"PF, SF",23.8,2.5,6.0,0.7,0.9,1.3,3.8,1.5,0.9,0.3,0.5,7.1,0.2,-0.1,,17.9,"['PF', 'SF']",17.799999999999997,-3.1000000000000014,-0.2724904636843514,3
424,Victor Oladipo,FA,SG,24.4,4.1,9.4,1.5,2.1,1.7,3.0,3.5,1.0,0.2,2.0,11.4,0.2,-0.1,,22.1,['SG'],22.1,-1.3999999999999986,-0.12949011391645937,3
425,Kendrick Nunn,Wsh,SG,13.8,2.7,6.4,0.5,0.6,1.1,1.6,1.3,0.4,0.1,0.9,7.1,0.0,0.0,648.0,11.6,['SG'],11.5,-12.0,-1.1099152621410813,1
426,Joe Harris,FA,SF,19.9,2.5,5.6,0.2,0.3,1.8,2.2,1.2,0.4,0.2,0.6,7.0,0.0,0.0,,14.0,['SF'],13.900000000000002,-8.3,-0.7494963489394993,2
427,Landry Shamet,FA,SG,18.0,2.7,6.6,0.9,1.1,1.5,1.5,1.5,0.5,0.2,0.7,7.8,0.1,-0.1,,13.8,['SG'],13.8,-9.7,-0.8971815035640407,2
428,Dewayne Dedmon,Phi,C,15.3,2.4,4.3,1.1,1.5,0.3,5.5,0.7,0.3,0.6,1.0,6.2,0.0,0.0,924.0,15.1,['C'],15.100000000000001,-5.599999999999998,-0.45019313206545897,2
429,Juan Toscano-Anderson,FA,SF,13.3,1.4,3.0,0.5,0.8,0.3,2.4,1.6,0.5,0.2,0.8,3.7,0.0,0.0,,10.3,['SF'],10.3,-11.900000000000002,-1.0745791026963907,1
430,Marcus Morris Sr.,FA,PF,22.6,3.5,8.1,1.1,1.3,1.4,3.4,1.3,0.5,0.3,0.8,9.4,0.1,0.0,,17.1,['PF'],17.1,-3.799999999999997,-0.3340205683872691,2
431,Danny Green,Phi,"SF, SG",21.5,2.0,5.1,0.2,0.2,1.6,2.5,1.0,0.9,0.6,0.7,5.8,0.1,0.0,805.0,15.5,"['SF', 'SG']",15.399999999999999,-6.800000000000004,-0.614045201540795,2
432,Bryn Forbes,Min,SG,16.6,2.9,6.9,1.0,1.1,1.6,1.2,1.0,0.3,0.1,0.7,8.4,0.0,0.0,799.0,12.3,['SG'],12.200000000000001,-11.299999999999999,-1.0451702051828515,1
433,Jarrett Culver,FA,SG,9.4,1.4,3.7,0.4,0.9,0.3,1.5,0.9,0.5,0.1,0.6,3.6,0.0,0.0,,7.0,['SG'],7.0,-16.5,-1.526133485443987,1
434,Stanley Johnson,SA,SF,21.8,2.4,5.1,1.1,1.5,0.7,3.2,1.7,0.8,0.3,0.8,6.6,0.0,0.0,701.0,15.9,['SF'],16.0,-6.200000000000003,-0.5598647425813129,2
435,Cory Joseph,Orl,PG,18.1,2.0,4.7,0.8,1.0,0.9,1.7,2.9,0.4,0.2,0.8,5.7,0.0,0.0,602.0,14.0,['PG'],14.0,-5.100000000000001,-0.4108256009091462,2
436,Jordan Goodwin,FA,"PG, SG",18.3,2.5,6.3,0.8,1.1,0.7,4.0,2.7,0.9,0.4,1.0,6.5,0.1,0.0,,18.2,"['PG', 'SG']",18.2,-0.9000000000000021,-0.07249863545455537,3
437,Isaiah Roby,NY,PF,19.2,3.3,6.5,1.5,2.3,0.9,4.4,1.5,0.7,0.6,0.9,8.9,0.1,0.0,873.0,19.8,['PF'],19.9,-1.0,-0.08790014957559719,3
438,Moses Brown,FA,C,8.7,1.6,2.8,0.7,1.7,0.0,3.8,0.2,0.2,0.4,0.5,3.9,0.0,0.0,,9.0,['C'],8.9,-11.799999999999999,-0.948621242566503,1
439,Damian Jones,FA,C,10.6,1.6,2.5,0.7,0.9,0.1,2.6,0.5,0.2,0.5,0.5,4.0,0.0,0.0,,9.9,['C'],10.0,-10.7,-0.8601904487679308,1
440,Nerlens Noel,FA,C,20.8,1.2,2.4,0.8,1.1,0.0,5.2,0.9,1.2,1.1,0.8,3.2,0.0,0.0,,17.7,['C'],17.5,-3.1999999999999993,-0.2572532183231194,2
442,Nassir Little,FA,SF,15.0,2.0,4.4,0.6,0.8,0.8,2.5,0.7,0.3,0.4,0.5,5.3,0.1,0.0,,11.2,['SF'],11.2,-11.000000000000004,-0.993308414257168,1
443,Darius Bazley,FA,PF,19.9,2.7,6.3,1.2,2.0,0.7,4.5,1.1,0.6,0.9,0.9,7.5,0.0,0.0,,17.6,['PF'],17.4,-3.5,-0.3076505235145902,2
444,Furkan Korkmaz,FA,SG,12.0,1.5,3.6,0.7,0.9,0.6,1.4,1.0,0.4,0.1,0.5,4.2,0.0,0.0,,8.3,['SG'],8.4,-15.1,-1.3966433715275273,1
445,Juancho Hernangomez,Tor,PF,11.9,1.1,2.7,0.5,0.8,0.6,2.6,0.5,0.4,0.2,0.4,3.3,0.0,0.0,328.0,8.2,['PF'],8.3,-12.599999999999998,-1.1075418846525245,1
446,Willy Hernangomez,NO,C,16.3,3.3,6.3,2.2,2.8,0.1,6.5,1.2,0.4,0.4,1.0,8.8,0.0,0.0,878.0,18.7,['C'],18.7,-2.0,-0.16078326145194968,3
447,Serge Ibaka,Ind,C,16.0,2.7,5.3,0.6,0.8,0.7,4.5,0.9,0.2,0.6,0.8,6.5,0.1,0.0,684.0,14.9,['C'],15.0,-5.699999999999999,-0.4582322951380566,2
448,Davis Bertans,FA,PF,14.0,1.9,4.8,0.5,0.6,1.5,1.5,0.7,0.4,0.2,0.3,5.9,0.1,-0.1,,11.0,['PF'],11.0,-9.899999999999999,-0.8702114807984122,1
449,Frank Kaminsky,FA,C,13.4,2.4,4.6,1.1,1.3,0.4,3.0,1.2,0.5,0.4,0.4,6.4,0.0,0.0,,15.3,['C'],15.0,-5.699999999999999,-0.4582322951380566,2
450,Justise Winslow,Tor,SF,17.8,2.4,5.7,0.8,1.3,0.3,4.4,2.0,0.8,0.5,1.1,6.0,0.0,0.0,702.0,16.3,['SF'],16.3,-5.900000000000002,-0.532774513101572,2
451,Talen Horton-Tucker,Chi,"SG, SF",20.8,3.7,9.2,1.8,2.3,1.0,2.8,3.5,0.8,0.4,1.5,10.3,0.4,-0.1,1183.0,20.8,"['SG', 'SF']",20.6,-1.6000000000000014,-0.14448122389195178,3
452,Patrick Beverley,FA,PG,22.8,2.3,5.5,1.0,1.3,1.0,3.5,3.1,0.8,0.5,0.9,6.6,0.4,-0.1,,19.4,['PG'],19.5,0.3999999999999986,0.03222161575757997,3
453,Ish Smith,FA,PG,15.0,1.7,4.1,0.1,0.2,0.2,1.7,3.2,0.4,0.2,1.1,3.7,0.0,0.0,,11.3,['PG'],11.4,-7.700000000000001,-0.6202661033334168,1
454,JaVale McGee,FA,C,9.6,2.2,3.6,0.8,1.2,0.0,3.6,0.4,0.2,0.6,0.9,5.2,0.1,0.0,,11.4,['C'],11.4,-9.299999999999999,-0.747642165751566,1
455,Justin Jackson,FA,SF,4.6,0.3,1.2,0.1,0.1,0.2,0.7,0.4,0.2,0.2,0.1,0.9,0.0,0.0,,3.5,['SF'],3.4,-18.800000000000004,-1.6976543807304325,1
456,George Hill,Ind,PG,22.3,2.1,4.8,1.1,1.2,0.8,2.7,2.3,0.7,0.1,0.8,6.0,0.0,0.0,770.0,14.8,['PG'],15.0,-4.100000000000001,-0.33027156151519604,2
457,Hamidou Diallo,FA,SG,19.4,4.1,7.7,1.5,2.5,0.2,4.0,1.1,1.1,0.3,1.2,10.0,0.1,0.0,,19.2,['SG'],19.1,-4.399999999999999,-0.4069689294517297,3
458,Dennis Smith Jr.,FA,PG,20.8,2.8,6.6,1.0,1.4,0.5,2.9,4.0,1.3,0.3,1.3,7.1,0.1,0.0,,20.9,['PG'],20.9,1.7999999999999972,0.14499727090911016,3
459,Cedi Osman,FA,SF,19.0,2.9,6.3,0.8,1.1,1.4,2.4,1.7,0.5,0.1,0.7,8.0,0.1,0.0,,15.3,['SF'],15.4,-6.8000000000000025,-0.6140452015407948,2
460,Sasha Vezenkov,FA,PF,12.2,2.0,4.6,0.3,0.4,1.1,2.3,0.5,0.5,0.2,0.3,5.5,0.0,0.0,,11.4,['PF'],11.4,-9.499999999999998,-0.8350514209681732,1
461,Anthony Lamb,GS,SF,19.3,2.4,5.1,0.8,1.0,1.2,3.5,1.6,0.5,0.3,0.9,6.8,0.0,0.0,187.0,15.6,['SF'],15.599999999999998,-6.600000000000005,-0.595985048554301,2
462,R.J. Hampton,FA,PG,18.1,2.4,5.8,1.2,1.7,0.9,2.3,1.6,0.6,0.2,1.1,6.8,0.0,0.0,,12.7,['PG'],12.700000000000001,-6.4,-0.5155458521212815,1
463,Austin Rivers,Min,SG,21.7,2.1,5.0,0.5,0.7,1.1,1.7,1.4,0.7,0.1,0.7,5.8,0.1,0.0,784.0,12.3,['SG'],12.2,-11.3,-1.0451702051828518,1
464,Chimezie Metu,FA,"PF, C",15.3,2.4,4.7,1.0,1.2,0.5,3.8,0.8,0.7,0.3,0.8,6.3,0.0,0.0,,14.5,"['PF', 'C']",14.499999999999996,-6.200000000000003,-0.49842811050104424,2
465,Killian Hayes,FA,PG,26.0,3.3,8.4,1.0,1.3,0.8,2.9,5.3,1.1,0.4,1.7,8.3,0.4,-0.2,,23.0,['PG'],23.1,4.0,0.3222161575758009,3
466,Danuel House Jr.,FA,"SF, SG",15.1,1.6,3.5,0.9,1.2,0.6,1.8,0.8,0.4,0.2,0.6,4.7,0.0,0.0,,9.3,"['SF', 'SG']",9.3,-12.900000000000002,-1.1648798676288605,1
467,Omer Yurtseven,FA,C,11.6,2.1,3.9,0.5,0.7,0.1,4.4,0.6,0.2,0.4,0.7,4.8,0.0,0.0,,11.5,['C'],11.600000000000001,-9.099999999999998,-0.731563839606371,1
468,Amari Bailey,Bkn,SG,6.3,0.8,2.4,0.6,0.7,0.1,0.9,0.7,0.3,0.0,0.4,2.3,0.0,0.0,42.0,4.2,['SG'],4.2,-19.3,-1.785113713276906,1
470,Sidy Cissoko,SA,SG,11.7,1.3,2.8,1.0,1.3,0.1,1.8,0.8,0.6,0.3,0.3,3.8,0.0,0.0,118.0,9.8,['SG'],9.8,-13.7,-1.2671532576110678,1
471,Joshua Primo,FA,SG,19.1,2.0,5.3,0.9,1.2,0.8,2.2,1.7,0.4,0.5,1.2,5.6,0.1,0.0,,11.5,['SG'],11.6,-11.9,-1.1006659682899058,1
472,Sterling Brown,LAL,SG,12.9,1.2,3.2,0.3,0.3,0.6,3.1,0.7,0.3,0.1,0.5,3.3,0.0,0.0,402.0,8.2,['SG'],8.2,-15.3,-1.4151419592298788,1
474,Montrezl Harrell,Phi,C,21.2,4.5,7.1,2.7,3.8,0.0,5.5,1.8,0.4,0.6,0.9,11.8,0.3,0.1,1637.0,24.1,['C'],23.9,3.1999999999999993,0.2572532183231194,4
